source,target,weight,type
"Tyler, The Creator",Playboi Carti,1,undirected
Quavo,T.I.,1,undirected
Grandmaster Caz,Kool Moe Dee,1,undirected
Domo Genesis,"Tyler, The Creator",1,undirected
DJ Mustard,Jeezy,1,undirected
Lyquin,Skeme,1,undirected
The Lacs,Bubba Sparxxx,1,undirected
Lil Uzi Vert,Offset,1,undirected
Tech N9ne Collabos,Stevie Stone,4,undirected
Too $hort,Erk Tha Jerk,1,undirected
Malik,Baby Bash,1,undirected
Bun B,Apathy,1,undirected
Devin The Dude,Rittz,1,undirected
Randy Nota Loca,DJ Luian,2,undirected
Kyla,WizKid,1,undirected
Ty Dolla $ign,Kanye West,1,undirected
Lil Uzi Vert,A$AP Mob,1,undirected
Ariana DeBose,Ephraim Sykes,1,undirected
Cam'Ron,Pete Rock,1,undirected
Okieriete Onaodowan,Lin-Manuel Miranda,10,undirected
C-Murder,2Meka,1,undirected
Grieves,Daveed Diggs,1,undirected
Johnny Cinco,Philthy Rich,1,undirected
The Game,Skeme,1,undirected
Twista,Bun B,1,undirected
Suga Free,Snoop Dogg,1,undirected
Da$H,Kendra Foster,1,undirected
Riff Raff,Lil Durk,1,undirected
Gucci Mane,Peewee Longway,1,undirected
Pharrell Williams,Skepta,1,undirected
Devin The Dude,Berner,1,undirected
Trae Tha Truth,Young Thug,1,undirected
Jadakiss,Nipsey Hussle,1,undirected
Boosie Badazz,Young Dolph,1,undirected
Jadakiss,Wiz Khalifa,1,undirected
Future,M.I.A.,1,undirected
Brookfield Duece,Marsha Ambrosius,1,undirected
Lil Wayne,2 Chainz,8,undirected
Ying Yang Twins,Pouya,1,undirected
DJ Khaled,Chris Brown,1,undirected
Xavier Omär,Noname,1,undirected
The Lonely Island,Emma Stone,1,undirected
D.R.A.M.,Young Thug,1,undirected
Rittz,MJG,1,undirected
Anthony Ramos,Daveed Diggs,5,undirected
Dream Junkies,Murs,1,undirected
Too $hort,King Lil G,1,undirected
OT Genesis,Jeezy,1,undirected
YG,Quavo,1,undirected
The Weeknd,Future,1,undirected
Jadakiss,Smoke Dza,1,undirected
French Montana,Meek Mill,1,undirected
Tech N9ne,Rittz,2,undirected
Trae Tha Truth,Ty Dolla $ign,1,undirected
Lyquin,Chris Brown,1,undirected
Redneck Souljers,J Rosevelt,1,undirected
Original Broadway Cast of Hamilton,Ariana DeBose,1,undirected
Ty Dolla $ign,Kevin Gates,1,undirected
Migos,A$AP Ferg,1,undirected
Justin Bieber,Young Thug,1,undirected
Datin,Beleaf,1,undirected
LA Gun Smoke,King Lil G,2,undirected
Dr. Ravi Zacharias,Natalie Sims,1,undirected
Tech N9ne,Big Scoob,1,undirected
Joe Fox,Kanye West,1,undirected
Apollo Brown,Joell Ortiz,1,undirected
Ty Dolla $ign,Trey Songz,4,undirected
Jeremih,Future,1,undirected
Lil Dicky,Jace,1,undirected
Young Life,DJ Drama,1,undirected
Lin-Manuel Miranda,Daveed Diggs,10,undirected
Fashawn,Mistah F.A.B.,1,undirected
C-Murder,Yella,1,undirected
Ariana Grande,Mac Miller,2,undirected
JL B.Hood,Tech N9ne Collabos,1,undirected
Vinnie Paz,O.C.,1,undirected
OG Boobie Black,Kevin Gates,1,undirected
Tech N9ne,Stige,1,undirected
Mos Def,DJ Shadow,1,undirected
Lil Wayne,YG,1,undirected
Wrekonize,Ag Lyonz,1,undirected
Jackie Hill Perry,JGivens,1,undirected
Mac Miller,Anderson .Paak,2,undirected
Ty Dolla $ign,PJ,1,undirected
Domo Genesis,Mac Miller,1,undirected
Square Bizzy,Queen D,2,undirected
Mos Def,A$AP Rocky,1,undirected
Z-Ro,Mistah F.A.B.,1,undirected
The Alchemist,Havoc,11,undirected
Young Thug,DJ Drama,2,undirected
Alexio,Genio,1,undirected
DJ Luian,Jory,1,undirected
The Game,RJ,2,undirected
Shasha,Eric Bellinger,1,undirected
Tech N9ne,Wrekonize,2,undirected
Skeme,Rich Homie Quan,1,undirected
Netta B,Mistah F.A.B.,1,undirected
Tech N9ne Collabos,Krizz Kaliko,4,undirected
DJ Khaled,YG,1,undirected
Dame D.O.L.L.A,Marsha Ambrosius,1,undirected
Lil Dicky,Homie Quan,1,undirected
Txx Will,Big Scoob,1,undirected
The Game,Eric Bellinger,2,undirected
Micah,Payso,1,undirected
Ty Dolla $ign,Fetty Wap,1,undirected
Philthy Rich,Icewear Vezzo,1,undirected
Mista Cain,Doe B,1,undirected
TeeCee4800,DJ Mustard,1,undirected
Aha Gazelle,Chris Durso,1,undirected
Big Noyd,Ghostface Killah,1,undirected
Wiz Khalifa,Travis Scott,1,undirected
Trouble,YFN Lucci,1,undirected
Donnie Trumpet,Omen,1,undirected
JAY Z,Future,1,undirected
Duke,PeeWee Roscoe,1,undirected
Post Malone,Lil Uzi Vert,1,undirected
Murs,Beleaf,1,undirected
Dolly,Young Thug,1,undirected
Diddy,Gizzle,3,undirected
The WDNG Crshrs,DJ Drama,1,undirected
Raekwon,Mobb Deep,2,undirected
Kanye West,Travis Scott,1,undirected
A$AP Rocky,A$AP Nast,1,undirected
Xavier Omär,Mick Jenkins,1,undirected
Yung Lord,A$AP Rocky,1,undirected
Courtney Noelle,Wiz Khalifa,1,undirected
Big Smo,Todd Nielson,1,undirected
Strange Figures,7deucedeuce,1,undirected
Trae Tha Truth,Jay'ton,1,undirected
The Game,J3,1,undirected
Sick Jacken,Apathy,1,undirected
PeeWee Roscoe,Yak Gotti,1,undirected
Randy Nota Loca,De La Ghetto,1,undirected
Mozzy,Sauce Twinz,1,undirected
¡MAYDAY!,Krizz Kaliko,1,undirected
Nipsey Hussle,YG,1,undirected
SiR,Isaiah Rashad,1,undirected
Bas,Cozz,2,undirected
Lyquin,DJ Drama,1,undirected
Lil Dicky,T-Pain,1,undirected
Dreezy,Gucci Mane,1,undirected
Bubba Sparxxx,Demun Jones,1,undirected
Grandmaster Melle Mel,Kool Moe Dee,1,undirected
Meghan Trainor,Wiz Khalifa,1,undirected
Jadakiss,Swizz Beatz,1,undirected
Genio,DJ Luian,2,undirected
Yak Gotti,Young Thug,1,undirected
Salsalino,E-40,1,undirected
Don Trip,Ceo Lil Kenny,1,undirected
The Roots,Busta Rhymes,1,undirected
Bricc Baby,YG,1,undirected
Salsalino,Baby Treeze,1,undirected
Snow Tha Product,K'NAAN,1,undirected
dvsn,Pimp C,1,undirected
The Game,Asia,1,undirected
Elena,Common,1,undirected
NF,Fleurie,1,undirected
Pell,Skizzy Mars,2,undirected
Abk,Blaze Ya Dead Homie,1,undirected
Adrian Marcel,Dame D.O.L.L.A,1,undirected
Mick Jenkins,Noname,1,undirected
Tyga,Kid Ink,1,undirected
Meek Mill,Pusha T,1,undirected
Young Boss,Boogie Man,1,undirected
Kari Faux,Isaiah Rashad,1,undirected
DJ Khaled,Fabolous,1,undirected
Tempo,Farruko,1,undirected
Tish Hyman,Diddy,1,undirected
E MOZZY,June,1,undirected
Future,Meek Mill,1,undirected
Trae Tha Truth,Wiz Khalifa,1,undirected
Nick Brewer,Tiggs Da Author,1,undirected
Justine Skye,Miguel,1,undirected
Hitman Beatz,Philthy Rich,1,undirected
Txx Will,Bakarii,1,undirected
will.i.am,Fergie,2,undirected
Ricco Barrino,E-40,1,undirected
Onyx,A$AP Nast,1,undirected
Fat Joe,Fabolous,1,undirected
Brotha Lynch Hung,Tech N9ne Collabos,1,undirected
Datin,Franky Bells,1,undirected
Skeme,Lil Uzi Vert,1,undirected
Vinnie Paz,Ghostface Killah,1,undirected
Fergie,Snoop Dogg,2,undirected
The Lacs,Redneck Souljers,1,undirected
Anna Wise,Bilal,2,undirected
Mistah F.A.B.,G-Eazy,1,undirected
Ramirez,Pouya,1,undirected
Chris Redd,The Lonely Island,3,undirected
Wiz Khalifa,Snoop Dogg,4,undirected
The Lacs,Demun Jones,2,undirected
Wiz Khalifa,Tm88,16,undirected
Demun Jones,Moccasin Creek,1,undirected
A$AP Mob,A$Ap Ant,3,undirected
Kirko Bangz,Lil Lonnie,1,undirected
Nicky Jam,J Balvin,1,undirected
Stacy Barthe,Joe Budden,1,undirected
Phillipa Soo,Daveed Diggs,1,undirected
theMIND,Big K.R.I.T.,1,undirected
Jasmine Cephas-Jones,Original Broadway Cast of Hamilton,2,undirected
Mak Digg,Queen D,1,undirected
Juicy J,"Tyler, The Creator",1,undirected
Apathy,O.C.,2,undirected
Flex Mathews,Kosha Dillz,1,undirected
Sheek Louch,Young Buck,1,undirected
Rick Ross,CeeLo Green,1,undirected
Big Lenbo,Logic,1,undirected
Mitch E-Slick,Skeme,1,undirected
Young Scooter,YFN Lucci,1,undirected
Isaiah Rashad,Syd,1,undirected
Bynoe,Cau2g$,1,undirected
Nicky Jam,DJ Luian,1,undirected
Jadakiss,Jeezy,1,undirected
Bizzle,Jonathan McReynolds,1,undirected
Ralo,Trouble,1,undirected
DJ Khaled,Yo Gotti,1,undirected
$uicideBoy$,Pouya,2,undirected
Idaho Jdoe,Mistah F.A.B.,1,undirected
Sevin,Franky Bells,1,undirected
The R.O.C.,Lex the Hex Master,1,undirected
Jadakiss,Chayse,1,undirected
AD,YG,1,undirected
Jadakiss,ScHoolboy Q,1,undirected
Traffic,ScHoolboy Q,1,undirected
Devvon Terrell,Futuristic,13,undirected
Curren$y,Wiz Khalifa,2,undirected
Slim Thug,Pimp C,1,undirected
Carl Thomas,G-Eazy,1,undirected
Rich Homie Quan,Iamsu!,1,undirected
DJ Khaled,French Montana,1,undirected
Lenny Cooper,Noah Gordon,1,undirected
Jamie Foxx,Trey Songz,1,undirected
DJ Khaled,Kent Jones,1,undirected
Mistah F.A.B.,J. Stalin,1,undirected
Atmosphere,Mistah F.A.B.,1,undirected
Miguel,Rod Stewart,1,undirected
Britt Nicole,NF,1,undirected
Project Pat,Berner,1,undirected
TeeCee4800,YG,1,undirected
Randy Nota Loca,Cosculluela,1,undirected
The Game,E-40,2,undirected
Mozzy,Young Mezzy,1,undirected
Lecrae,Jackie Hill Perry,1,undirected
The Weeknd,Meek Mill,1,undirected
Playboi Carti,A$Ap Ant,1,undirected
Darrein Safron,Rittz,1,undirected
Grandmaster Caz,Eric Nally,1,undirected
Mike Slap,Macklemore & Ryan Lewis,1,undirected
Correy C,Cozz,1,undirected
Arcangel,Nengo Flow,2,undirected
W. Darling,Snow Tha Product,1,undirected
Boondox,Blaze Ya Dead Homie,2,undirected
A$AP Mob,A$AP Ferg,2,undirected
Stalley,Skyzoo,1,undirected
7deucedeuce,Dj Tank,2,undirected
Mozzy,Philthy Rich,3,undirected
Rick Rock,E-40,1,undirected
JP Cali,Wiz Khalifa,1,undirected
Jazze Pha,Snoop Dogg,1,undirected
Trae Tha Truth,Lil Duval,1,undirected
Tha Dogg Pound,ScHoolboy Q,1,undirected
Dustin Rhodes,Lenny Cooper,1,undirected
Bernz,Murs,2,undirected
Skepta,Young L.O.R.D.,1,undirected
Demrick,B-Legit,1,undirected
Lil Yachty,A$AP Mob,1,undirected
Quez,B-Real,1,undirected
Noodles,Lookas,1,undirected
B.o.B,T.I.,2,undirected
Boosie Badazz,Slim Thug,2,undirected
S Dot Braddy,Germ,1,undirected
Tech N9ne Collabos,Big Scoob,2,undirected
Donald Glover,Jhene Aiko,1,undirected
Blacastan,Apathy,1,undirected
M.I.A.,A$AP Rocky,1,undirected
Trey Songz,DJ Drama,1,undirected
Katz,Twiztid,1,undirected
Wankaego,Webbie,2,undirected
Travis Scott,Drake,1,undirected
DJ Luian,Zion & Lennox,1,undirected
Dave East,Fabolous,1,undirected
DJ Khaled,Jeezy,1,undirected
Chad Cain,Mista Cain,1,undirected
DJ Quick,Micah,1,undirected
Berner,B-Real,15,undirected
Ty Dolla $ign,Kendrick Lamar,1,undirected
Twista,Apathy,1,undirected
Future,A$AP Rocky,1,undirected
Leslie Odom Jr.,Christopher Jackson,5,undirected
J. Doe,G-Eazy,1,undirected
Little Dragon,Mac Miller,1,undirected
Okieriete Onaodowan,Daveed Diggs,12,undirected
Tech N9ne,B.o.B,1,undirected
Smoke Dza,Royce Da 5'9",1,undirected
Arcangel,Mozart La Para,1,undirected
T Bone,Fred B,1,undirected
Mistah F.A.B.,B.o.B,1,undirected
Bumps Inf,Sevin,2,undirected
Michael Bolton,Mr. Fish,1,undirected
K'NAAN,Riz MC,1,undirected
KB,Lecrae,1,undirected
Noni Blanco,Sleepy D,1,undirected
Marvalyss,Blacastan,1,undirected
Renee Elise Goldsberry,Phillipa Soo,4,undirected
Skeme,AD,1,undirected
JT,Jon Conner,2,undirected
Dillon Francis,DJ Snake,1,undirected
Jim Jones,Philthy Rich,1,undirected
Yung Gleesh,"Tyler, The Creator",1,undirected
Jadakiss,Pete Rock,1,undirected
Moonshine Bandits,Lenny Cooper,1,undirected
ScHoolboy Q,A$AP Rocky,1,undirected
Joell Ortiz,Joe Budden,1,undirected
Chief Keef,Mac Miller,1,undirected
Blacastan,CZARFACE,1,undirected
Young Dolph,Peewee Longway,1,undirected
Lil Wayne,The Game,2,undirected
The Jacka,Tone ..C,1,undirected
G Mo Skee,Mouton,1,undirected
Apollo Brown,Conway,1,undirected
June,Lil Goofy,1,undirected
K-Ci & JoJo,Detail,1,undirected
Nicki Minaj,Meek Mill,3,undirected
Talley Of 300,No Fatigue,2,undirected
Anthony Ramos,Sasha Hutchings,1,undirected
Problem,Riff Raff,1,undirected
De La Soul,Estelle,1,undirected
Vinnie Paz,Eamon,2,undirected
Diddy,Pusha T,2,undirected
Eshon Burgundy,Jeremiah Bligen,2,undirected
Jarren Benton,Bernz,1,undirected
HG Free,Jay Warren,1,undirected
Nas,Juicy J,1,undirected
Too $hort,Bobby V.,1,undirected
Jonathan Thulin,NF,1,undirected
Jay 305,AD,2,undirected
Ruslan,Sarah Juers,1,undirected
Montana of 300,Kevin Gates,1,undirected
Skepta,Wiley,1,undirected
Tiara,Mr. Porter,1,undirected
Vince Staples,Kilo Kish,1,undirected
Tech N9ne Collabos,Godemis,1,undirected
Kappa Gamma,Oh No,1,undirected
Jay 305,RJ,2,undirected
PJ,Skizzy Mars,1,undirected
E-40,Kamaiyah,1,undirected
Jonathan Groff,Original Broadway Cast of Hamilton,1,undirected
Starrah,Kid Ink,1,undirected
Dora,Young Thug,1,undirected
Trouble,Lil Durk,1,undirected
Madeintyo,A$AP Rocky,1,undirected
Anthony Ramos,Ephraim Sykes,1,undirected
Rick Ross,Wiz Khalifa,1,undirected
MO3,No Shame,2,undirected
Jadakiss,Mistah F.A.B.,1,undirected
Bizzle,Sevin,5,undirected
Skrillex,A$AP Ferg,1,undirected
Clif Soulo,White Dave,1,undirected
Trae Tha Truth,Yo Gotti,1,undirected
Boosie Badazz,Z-Ro,1,undirected
Rich Homie Quan,DJ Drama,2,undirected
E-40,Husalah,1,undirected
Fashawn,Lupe Fiasco,1,undirected
Demun Jones,Danny Boone,1,undirected
Darrein Safron,Stevie Stone,1,undirected
Istevie,E-40,1,undirected
Drake,YG,1,undirected
The Game,Kendrick Lamar,2,undirected
Domo Genesis,Wiz Khalifa,1,undirected
YFN Lucci,Marissa,1,undirected
Moonshine Bandits,J Rosevelt,1,undirected
Blaze Ya Dead Homie,Twiztid,2,undirected
Ezale,Philthy Rich,1,undirected
Ben Folds,Regina Spektor,1,undirected
Savage,J-Real,2,undirected
Wale,Young Dolph,1,undirected
Estelle,Pete Rock,1,undirected
Keyshia Cole,Silke,1,undirected
Lin-Manuel Miranda,Aloe Blacc,1,undirected
Talley Of 300,J-Real,2,undirected
Madeintyo,2 Chainz,1,undirected
London Jae,T.I.,3,undirected
Rittz,Tech N9ne Collabos,3,undirected
Alexio,DJ Luian,2,undirected
Future,Drake,11,undirected
Shy Carter,DJ Quik,1,undirected
The Game,Nas,2,undirected
Mark Ronson,A$AP Rocky,1,undirected
Young Gunner,Sarah Ross,1,undirected
Lil Keke,Adoni,1,undirected
Rich Homie Quan,Young Thug,1,undirected
Offset,Quavo,1,undirected
Blaze Ya Dead Homie,Kung Fu Vampire,1,undirected
E-40,Young Chu,1,undirected
Diddy,Big Sean,1,undirected
Camille Faulkner,Derek Minor,1,undirected
De La Soul,Pete Rock,1,undirected
Selah the Corner,Datin,2,undirected
KXNG Crooked,Kobe Honeycutt,1,undirected
Selah the Corner,Beleaf,1,undirected
2Meka,Yella,1,undirected
Solo Lucci,Offset,1,undirected
Gracy,John Givez,1,undirected
Original Broadway Cast of Hamilton,Thayne Jasperson,1,undirected
E-40,Turf Talk,1,undirected
Apollo Brown,Westside Gunn,1,undirected
G Mo Skee,Hopsin,1,undirected
Mistah F.A.B.,Kendrick Lamar,1,undirected
C-Murder,Cuttyboy G Dinero,1,undirected
Buddy,A$AP Rocky,1,undirected
Tyler Lyon,Prozak,1,undirected
Zoey Dollaz,Philthy Rich,1,undirected
Adam Vida,Grieves,1,undirected
Iamnobodi,G-Eazy,1,undirected
Kendrick Lamar,Anna Wise,2,undirected
Deion,The Game,2,undirected
Ty Dolla $ign,Babyface,1,undirected
Rittz,Wrekonize,1,undirected
The Lonely Island,Akon,1,undirected
Mitch E-Slick,Joe Moses,2,undirected
Darrein Safron,Tech N9ne,1,undirected
Jeremih,Chris Brown,1,undirected
Yo Gotti,Future,2,undirected
Big K.R.I.T.,T.I.,1,undirected
Demun Jones,Redneck Souljers,1,undirected
C-Murder,VS,2,undirected
Jeezy,Jessica Care Moore,1,undirected
Watsky,Grieves,1,undirected
Alexio,Pusho,1,undirected
Rite Hook,Skam2?,1,undirected
Tatiana Paulino,A$AP Ferg,1,undirected
Demoz,Vinnie Paz,2,undirected
Nef The Pharaoh,Philthy Rich,1,undirected
D Double E,ASAP Nast,1,undirected
Mick Jenkins,BadBadNotGood,1,undirected
Hannibal Buress,Lil Dicky,1,undirected
Marley Blu,YG,1,undirected
STATIK KXNG,Termanology,1,undirected
Berner,Cozmo,1,undirected
Junior Maile,Jamesthemormon,2,undirected
Madeintyo,Lil Yachty,1,undirected
Eazy-E,Dr. Dre,1,undirected
Adoni,Pimp C,1,undirected
Pharrell Williams,Diddy,1,undirected
Lin-Manuel Miranda,Ephraim Sykes,1,undirected
Tyler Lyon,Tech N9ne Collabos,2,undirected
Thundercat,Kendrick Lamar,2,undirected
Petite Noir,Danny Brown,1,undirected
The Roots,Nate Ruess,1,undirected
Trouble,Migos,1,undirected
Nicki Minaj,Jeremih,2,undirected
E-40,Philthy Rich,1,undirected
Janelle Monáe,Jeezy,1,undirected
Keyshia Cole,G-Eazy,1,undirected
Common,Syd,2,undirected
Ice Cub,Dr. Dre,1,undirected
The Game,Jay Rock,2,undirected
White Dave,Legendvry,1,undirected
JL B.Hood,Wrekonize,1,undirected
Berner,Young Dolph,1,undirected
Rick Ross,A$AP Ferg,1,undirected
Lil Dicky,Rich Homie Quan,1,undirected
Miguel,ScHoolboy Q,1,undirected
Lil Uzi Vert,DJ Drama,2,undirected
Burnt Out,YG,1,undirected
The Alchemist,Prodigy,1,undirected
Yung Lord,A$AP Nast,1,undirected
Quez,Strap,1,undirected
Young Thug,Offset,2,undirected
Cosculluela,De La Ghetto,2,undirected
Mozzy,Lex Aura,2,undirected
Leezy Lyfe,E MOZZY,1,undirected
Justin Bieber,Travis Scott,1,undirected
E-40,G-Eazy,2,undirected
Danny Brown,Kendrick Lamar,1,undirected
DJ Khaled,JAY Z,1,undirected
Problem,JP Cali,1,undirected
Skepta,A$AP Rocky,1,undirected
Anthony Ramos,Ariana DeBose,1,undirected
DJ Mustard,Nipsey Hussle,2,undirected
Rod Stewart,Mark Ronson,1,undirected
Redneck Souljers,I4NI,1,undirected
Iggy Azalea,Wiz Khalifa,1,undirected
Berner,Strap,1,undirected
Slim Jxmmi,K CAMP,1,undirected
Cardi B,Josh X,1,undirected
Social Club Misfits,Chris Durso,1,undirected
Rome Fortune,PJ,1,undirected
E-40,Baby Treeze,1,undirected
Dizzy Wright,B-Real,1,undirected
Rick Ross,DJ Mustard,1,undirected
RJmrLA,YG,1,undirected
Dame D.O.L.L.A,Jamie Foxx,1,undirected
Skeme,Jay 305,1,undirected
Ras Kass,O.C.,1,undirected
Ransom,Vinnie Paz,1,undirected
The Game,Mvrcus Blvck,4,undirected
T Bone,Don Chief,1,undirected
Ruslan,John Givez,12,undirected
Randy Nota Loca,Arcangel,2,undirected
La Coka Nostra,Sadie Vada,1,undirected
Mozzy,Peezy,1,undirected
E-40,Yo Gotti,1,undirected
Wiz Khalifa,Buddy,2,undirected
Boosie Badazz,2Meka,1,undirected
Plies,YFN Lucci,1,undirected
Bernz,Krizz Kaliko,1,undirected
Wale,Kid Ink,1,undirected
Adam Vida,Rafael Casal,1,undirected
E-40,Keak Da Sneak,1,undirected
YG,21 Savage,1,undirected
Aloe Blacc,Dave East,1,undirected
Chris Brown,Jeezy,1,undirected
Riff Raff,Danny Brown,1,undirected
Santa Estilo,Cartel De Santa,1,undirected
Stro Elliot,J. Period,1,undirected
Yo Gotti,YG,1,undirected
Ronald Isley,James Fauntleroy,1,undirected
Kendrick Lamar,Big Sean,1,undirected
Jeremih,DJ Mustard,1,undirected
La Coka Nostra,Apathy,1,undirected
Ty Dolla $ign,Problem,2,undirected
Germ,Pouya,1,undirected
Common,Tasha Cobbs,1,undirected
Ty Dolla $ign,Mac Miller,2,undirected
Gucci Mane,Big Sean,1,undirected
Lil Dicky,Snoop Dogg,1,undirected
Mac Miller,Lil Uzi Vert,1,undirected
marcus wells,Don Chief,2,undirected
The Game,Scheme,1,undirected
The-Dream,A$AP Rocky,1,undirected
The Game,AV,1,undirected
Trae Tha Truth,Liz Rodrigues,1,undirected
Blaze Ya Dead Homie,Lex the Hex Master,2,undirected
Chevy Woods,Wiz Khalifa,2,undirected
Pusha T,Logic,1,undirected
DJ Mustard,James Fauntleroy,1,undirected
Rod Stewart,A$AP Rocky,1,undirected
Rick Ross,Nas,2,undirected
The Game,DJ Quik,2,undirected
Lady G,London Jae,1,undirected
Arcangel,Nicky Jam,1,undirected
Payso,J3,1,undirected
Rich Homie Quan,Lil Uzi Vert,1,undirected
Future,Charlie Heat,1,undirected
DJ Khaled,Drake,1,undirected
Big Smo,Corey Crowder,1,undirected
Boosie Badazz,Og Dre,1,undirected
La Coka Nostra,Vinnie Paz,1,undirected
Dave East,Smoke Dza,1,undirected
Ty Dolla $ign,Wiz Khalifa,6,undirected
Johnny Cinco,YFN Lucci,1,undirected
Atmosphere,Aesop Rock,1,undirected
JL B.Hood,Krizz Kaliko,1,undirected
Smiggz,Berner,1,undirected
Moonshine Bandits,Young Gunner,1,undirected
1st FKI,Post Malone,1,undirected
Acyde,Yams,1,undirected
Bun B,Slim Thug,1,undirected
Charlie Rock,Philthy Rich,1,undirected
Jadakiss,Young Adz,1,undirected
Gracy,Ruslan,1,undirected
Ty Dolla $ign,A$AP Ferg,1,undirected
Ghostface Killah,Mobb Deep,1,undirected
Jadakiss,Fat Joe,1,undirected
Flo Rida,Robin Thicke,1,undirected
NymLo,Pete Rock,1,undirected
Renee Elise Goldsberry,Original Broadway Cast of Hamilton,4,undirected
Rara,London Jae,1,undirected
Sage The Gemini,Kevin Gates,1,undirected
Hugh Augustine,Isaiah Rashad,1,undirected
A$AP Rocky,A$Ap Ant,1,undirected
Wrekonize,Murs,1,undirected
Betty Wright,Kendrick Lamar,1,undirected
Bizzle,Datin,3,undirected
Joe Moses,Skeme,1,undirected
Domo Genesis,Juicy J,1,undirected
CMT,Mistah F.A.B.,1,undirected
Duce,Syke 800,1,undirected
Lil Goofy,Iamsu!,1,undirected
Rich Homie Quan,Kid Ink,1,undirected
Dora,Dolly,1,undirected
DJ Mustard,Rich The Kid,1,undirected
Dreezy,Wale,1,undirected
Watsky,Rafael Casal,1,undirected
Ghostface Killah,Raekwon,1,undirected
Chrizz Michaels,Starlito,1,undirected
BIA,Kid Ink,1,undirected
Ty Dolla $ign,Migos,1,undirected
Kanye West,Pusha T,1,undirected
Original Broadway Cast of Hamilton,Jon Rua,1,undirected
Rae Sremmurd,Gucci Mane,2,undirected
DJ SpinKing,A Boogie Wit da Hoodie,1,undirected
YFN Lucci,Migos,1,undirected
Nas,DJ Khaled,1,undirected
Rick Ross,YG,1,undirected
The Game,Drake,2,undirected
Tech N9ne,Mistah F.A.B.,1,undirected
Jadakiss,Akon,1,undirected
Murs,John Givez,1,undirected
June,Iamsu!,1,undirected
Rittz,Cheeto Gambine,1,undirected
Snoop Dogg,Bilal,1,undirected
Tracy T,Meek Mill,1,undirected
Darrein Safron,Tech N9ne Collabos,3,undirected
Plies,Jeezy,1,undirected
Randolph,KSI,1,undirected
Jadakiss,Exodus,1,undirected
Boosie Badazz,Mac Milli,1,undirected
Translee,T.I.,3,undirected
Big Smo,William Michael Morgan,1,undirected
WizKid,Drake,1,undirected
Lil Wayne,Pimp C,1,undirected
The Game,YG,2,undirected
Joell Ortiz,Busta Rhymes,1,undirected
Ty Dolla $ign,Diddy,2,undirected
Cardi B,Haitian V,1,undirected
HG Free,Jamesthemormon,3,undirected
Jadakiss,Lil Wayne,1,undirected
The Game,Jay 305,2,undirected
Ty Dolla $ign,Charlie Heat,1,undirected
Eshon Burgundy,Th3 Saga,1,undirected
Domo Genesis,Kendra Foster,1,undirected
Dria,Logic,1,undirected
Arcangel,J Balvin,1,undirected
Bun B,Pimp C,2,undirected
Natalie Sims,Da' T.R.U.T.H.,2,undirected
ShaSha,Dej Loaf,1,undirected
Hus KingPin,SmooVth,1,undirected
DJ Khaled,Fat Joe,1,undirected
HoodRich Pablo Juan,Philthy Rich,1,undirected
1st FKI,DJ Drama,1,undirected
Moonshine Bandits,I4NI,1,undirected
La Coka Nostra,Q-Unique,1,undirected
Dizzy Wright,Reezy,1,undirected
K CAMP,Curren$y,1,undirected
Diddy,Meek Mill,1,undirected
Flo Rida,Chris Brown,1,undirected
Anthony Ramos,Original Broadway Cast of Hamilton,7,undirected
Riff Raff,G-Eazy,1,undirected
Marvalyss,Apathy,1,undirected
Future,Chris Brown,1,undirected
Ty Dolla $ign,Skeme,1,undirected
Young Thug,Quavo,3,undirected
ShaSha,Eric Bellinger,1,undirected
Joe Moses,The Game,2,undirected
Hollywood,Berner,1,undirected
French Montana,Lil Snupe,1,undirected
August Alsina,Future,1,undirected
Adam Vida,Dumbfoundead,1,undirected
Micah,DJ Quik,1,undirected
Hoodie Allen,Meghan Tonjes,1,undirected
E-40,Cousin Fik,2,undirected
Ty Dolla $ign,DJ Drama,1,undirected
Too $hort,Snoop Dogg,2,undirected
Leslie Odom Jr.,Daveed Diggs,10,undirected
Ice Cub,will.i.am,1,undirected
Curren$y,Lloyd,1,undirected
JP Cali,DJ Quik,1,undirected
KXNG Crooked,Kendrick Lamar,1,undirected
The Game,Boogie,1,undirected
Wale,Smoke Dza,1,undirected
Kendrick Lamar,Mac Miller,2,undirected
Jadakiss,BJ The Chicago Kid,1,undirected
Lil Snupe,Meek Mill,1,undirected
Moonshine Bandits,Redneck Souljers,1,undirected
Atmosphere,I.B.E,1,undirected
Easy Redd,Reezy,1,undirected
1st FKI,Lil Uzi Vert,1,undirected
Nick Brewer,KSI,1,undirected
Pharrell Williams,Pusha T,1,undirected
Tech N9ne Collabos,Ubiquitous,1,undirected
Lin-Manuel Miranda,Jon Rua,1,undirected
ScHoolboy Q,Travis Scott,1,undirected
Idaho Jdoe,Iamsu!,1,undirected
EMC Senatra,LA Gun Smoke,2,undirected
A$AP Mob,A$AP Nast,2,undirected
Berner,Lil' Kim,1,undirected
Tech N9ne,Murs,1,undirected
Tish Hyman,Pusha T,1,undirected
Sia,Queen Latifah,1,undirected
Skizzy Mars,Chose,1,undirected
Nas,Lin-Manuel Miranda,1,undirected
DJ Mustard,YG,3,undirected
Machine Gun Kelly,Lzzy Hale,1,undirected
Bun B,8Ball,1,undirected
HG Free,Sione Toki,1,undirected
Yo Gotti,Lil Durk,1,undirected
Big Scoob,Boogie Man,3,undirected
Joe Fox,M.I.A.,1,undirected
Wyclef Jean,Young Thug,1,undirected
Ty Dolla $ign,Chevy Woods,1,undirected
J Alvarez,Arcangel,1,undirected
Meek Mill,T.I.,1,undirected
"Tyler, The Creator",A$AP Rocky,1,undirected
Stefan Otto,Datin,1,undirected
Ñejo,Cosculluela,1,undirected
Royce Da 5'9",Mr. Porter,1,undirected
JMSN,Domo Genesis,1,undirected
Future,Kevin Gates,1,undirected
Donald Glover,Ludwig Goransson,1,undirected
Carlene Crawford,John Givez,1,undirected
Blac Youngsta,Philthy Rich,1,undirected
Travis Scott,Gucci Mane,1,undirected
Ice Cube,The Game,1,undirected
DJ Luian,De La Ghetto,1,undirected
Juicy J,Travis Scott,1,undirected
The Roots,Jimmy Fallon,1,undirected
Mozzy,Kunta,3,undirected
Diddy,Kanye West,1,undirected
Ty Dolla $ign,TC,1,undirected
Big Marcus,Square Bizzy,1,undirected
Renee Elise Goldsberry,Jasmine Cephas-Jones,1,undirected
Trae Tha Truth,Rick Ross,1,undirected
Cosculluela,Daddy Yankee,1,undirected
Grandmaster Caz,Macklemore & Ryan Lewis,1,undirected
Ludwig Goransson,Jhene Aiko,2,undirected
Trae Tha Truth,T.I.,2,undirected
Moonshine Bandits,Bubba Sparxxx,1,undirected
Square Bizzy,Marcellus Scott,1,undirected
Mistah F.A.B.,Berner,1,undirected
Ronald Isley,Kendrick Lamar,1,undirected
Q-Tip,Mobb Deep,1,undirected
Pumpkinhead,Celph Titled,1,undirected
Ab-Soul,Danny Brown,1,undirected
Mistah F.A.B.,Snoop Dogg,1,undirected
Duke,Yak Gotti,1,undirected
Ab Liva,Pusha T,1,undirected
Bernz,Helen Tess,1,undirected
Rae Sremmurd,Lil Jon,2,undirected
Common,Bilal,4,undirected
MJG,Pimp C,1,undirected
CES Cru,Krizz Kaliko,1,undirected
Isaac Lund,7deucedeuce,2,undirected
Scrufizzer,KSI,1,undirected
Common,Stevie Wonder,1,undirected
Kunta,Sleepy D,2,undirected
Killer Mike,T.I.,1,undirected
Jadakiss,Sheek Louch,1,undirected
Big Smo,Josie Dunne,1,undirected
Domo Genesis,Anderson .Paak,1,undirected
Godemis,Stevie Stone,1,undirected
The Game,Dr. Dre,2,undirected
Sevyn Streeter,DJ Quik,1,undirected
Mozzy,Bandgang,1,undirected
Chinx,Chrisette Michele,1,undirected
Ghostface Killah,Banks & Steelz,1,undirected
LoLife Blacc,Peewee Longway,1,undirected
Tech N9ne,Bernz,2,undirected
Nas,Dave East,1,undirected
Beleaf,Ruslan,12,undirected
Vinnie Paz,Malik B.,1,undirected
Murs,Ruslan,1,undirected
Isaiah Rashad,Kendrick Lamar,1,undirected
Young T,K.E.L.L.S.,1,undirected
Future,Juicy J,1,undirected
Burnt Out,Marley Blu,1,undirected
YG,Young Thug,1,undirected
Missy Elliott,A$AP Ferg,1,undirected
Diddy,Sevyn Streeter,1,undirected
Domo Genesis,Da$H,1,undirected
Futuristic,Goody Grace,1,undirected
Lil Blood,Icewear Vezzo,1,undirected
Macklemore & Ryan Lewis,Eric Nally,1,undirected
Post Malone,DJ Drama,1,undirected
Ty Dolla $ign,Jamie Foxx,1,undirected
Vakero,Arcangel,1,undirected
Melanie Rutherford,Royce Da 5'9",1,undirected
Lin-Manuel Miranda,Renee Elise Goldsberry,3,undirected
Eshon Burgundy,Stef Silva,1,undirected
Bizzle,Selah the Corner,1,undirected
De La Soul,Damon Albarn,1,undirected
Rick Ross,Chris Brown,2,undirected
Wiz Khalifa,BJ The Chicago Kid,1,undirected
The Weeknd,Travis Scott,1,undirected
Atmosphere,Doom,1,undirected
French Montana,Movado,1,undirected
G Mo Skee,Kuzzn Bank,1,undirected
Billy Danze,Lex the Hex Master,1,undirected
The Game,Jeremih,1,undirected
Nas,Aloe Blacc,1,undirected
Phillipa Soo,Leslie Odom Jr.,4,undirected
Ohana Bam,Snow Tha Product,1,undirected
Wiz Khalifa,B-Real,2,undirected
Vince Staples,A$AP Rocky,1,undirected
Kunta,Noni Blanco,1,undirected
Wrekonize,Big Scoob,1,undirected
Grace,G-Eazy,1,undirected
Ty Dolla $ign,Rae Sremmurd,1,undirected
Kunta,TaeDaKiid,1,undirected
Janice Gaines,Derek Minor,1,undirected
Sasha Hutchings,Lin-Manuel Miranda,1,undirected
Curren$y,Corner Boy P,1,undirected
Datin,Genesis The Grey Kid,1,undirected
Moonshine Bandits,Demun Jones,1,undirected
Meek Mill,Young Thug,1,undirected
Wrekonize,Krizz Kaliko,1,undirected
Mozzy,Tone ..C,1,undirected
JL B.Hood,Rittz,1,undirected
Rich Homie Quan,Jeezy,1,undirected
Lil Wayne,Yo Gotti,1,undirected
Kanye West,The-Dream,1,undirected
The Game,Future,2,undirected
A$AP Twelvyy,A$Ap Ant,1,undirected
Rafael Casal,Chinaka Hodge,1,undirected
Arcangel,Wisin,1,undirected
Jeremih,Snoop Dogg,1,undirected
Datin,Dre Murray,1,undirected
Mozzy,Lil Goofy,1,undirected
Future,Pusha T,1,undirected
Wale,DJ Khaled,1,undirected
K CAMP,Berner,1,undirected
CES Cru,JL B.Hood,1,undirected
Tech N9ne,Tech N9ne Collabos,2,undirected
Yo Gotti,K. Michelle,1,undirected
Ty Dolla $ign,TeeCee4800,1,undirected
Rome Fortune,Skizzy Mars,1,undirected
Dream Junkies,Beleaf,12,undirected
Smoke Dza,Big K.R.I.T.,1,undirected
2Meka,Cuttyboy G Dinero,1,undirected
Montana of 300,J-Real,2,undirected
Z-Ro,Just Brittany,1,undirected
Tory Lanez,King Lil G,1,undirected
Bizzle,Tony Gaskins,1,undirected
ESG,Slim Thug,1,undirected
Mekado,Desiigner,1,undirected
Yakki,DJ Drama,1,undirected
Futuristic,Hopsin,1,undirected
Ty Dolla $ign,Sa-Ra,1,undirected
Datin,Sevin,4,undirected
Buddy,A$AP Mob,1,undirected
Ty Dolla $ign,Jay 305,2,undirected
Jadakiss,Nas,1,undirected
Tabrielle,Montana of 300,1,undirected
Arcangel,Zion & Lennox,1,undirected
Kyla,Drake,1,undirected
Trae Tha Truth,B.o.B,1,undirected
Nicki Minaj,DJ Mustard,1,undirected
Sydney James Harcourt,Original Broadway Cast of Hamilton,1,undirected
Nipsey Hussle,King Lil G,1,undirected
Bizzle,H.U.R.T.,1,undirected
DJ Mustard,OT Genesis,1,undirected
Bizzle,KB,1,undirected
Boosie Badazz,C-Murder,17,undirected
Tory Lanez,Meek Mill,2,undirected
Sage The Gemini,Lookas,2,undirected
YG,Kid Ink,1,undirected
Miguel,Mac Miller,1,undirected
Smoke Dza,theMIND,1,undirected
French Montana,Nicky Jam,1,undirected
Ice Cub,The Game,1,undirected
Earl Sweatshirt,Kendrick Lamar,1,undirected
Cam O'Bi,Domo Genesis,1,undirected
Sasha Hutchings,Ephraim Sykes,1,undirected
Ty Dolla $ign,RJ,2,undirected
Problem,DJ Quik,6,undirected
E-40,Gucci Mane,1,undirected
DJ Khaled,Big Sean,2,undirected
Olivver the Kid,Skizzy Mars,1,undirected
Meek Mill,Swizz Beatz,1,undirected
Saul Williams,Haleek Maul,1,undirected
Bun B,Juicy J,1,undirected
Jakk Frost,Malik B.,1,undirected
Chuck D,Mama Ferg,1,undirected
Jadakiss,Fabolous,1,undirected
Monica,Jeezy,1,undirected
Trae Tha Truth,Quentin Miller,1,undirected
CES Cru,Bernz,1,undirected
Fetty Wap,M80,1,undirected
Nas,Raekwon,1,undirected
CES Cru,Stevie Stone,2,undirected
John Legend,DJ Mustard,1,undirected
DJ Mustard,Young Thug,1,undirected
Rick Ross,The-Dream,1,undirected
Styles P,Pete Rock,1,undirected
Abiv,Ruslan,1,undirected
Anthony Ramos,Phillipa Soo,4,undirected
Chris Brown,DJ Drama,1,undirected
Ñejo,Lui-G 21+,1,undirected
Carl Thomas,Raekwon,1,undirected
Kamaiyah,YG,1,undirected
Foxx,Wankaego,1,undirected
Freddie Gibbs,DJ Drama,1,undirected
John Legend,Common,1,undirected
LA Gun Smoke,Young Drummer Boy,2,undirected
Illuminate,Sevin,1,undirected
The Game,Trey Songz,1,undirected
Sho Baraka,Lecrae,1,undirected
Tempo,Cosculluela,1,undirected
Lavoisier,Sevin,1,undirected
Burnt Out,Duce,1,undirected
Jadakiss,Young Buck,1,undirected
George Clinton,Kendrick Lamar,1,undirected
Tamoya Bell,E-40,1,undirected
Watsky,Julia Nunes,1,undirected
Felly,Gyyps,1,undirected
DJ Luian,J Balvin,1,undirected
Skepta,A$AP Mob,1,undirected
theMIND,Dom Kennedy,1,undirected
KXNG Crooked,Mistah F.A.B.,1,undirected
Vell,Philthy Rich,1,undirected
Adam Levine,The Lonely Island,1,undirected
Wale,Wiz Khalifa,1,undirected
Lenny Cooper,Charlie Farley,1,undirected
Meyhem Lauren,Rast Rfc,1,undirected
Project Pat,Juicy J,2,undirected
Akon,Kid Ink,1,undirected
Dreezy,T-Pain,1,undirected
Webbie,Lil Trill,1,undirected
Farruko,Nengo Flow,2,undirected
The Lonely Island,Mr. Fish,1,undirected
Nipsey Hussle,RJ,1,undirected
Lil Blood,Philthy Rich,2,undirected
Jadakiss,Busta Rhymes,1,undirected
Saul Williams,Emily Kokal,1,undirected
Bun B,MJG,1,undirected
Lin-Manuel Miranda,Original Broadway Cast of Hamilton,20,undirected
CZARFACE,Psycho Les,1,undirected
Peezy,E MOZZY,1,undirected
E-40,Casey Veggies,1,undirected
Shockwave,Watsky,1,undirected
Linkin Park,The Lonely Island,1,undirected
Bun B,Z-Ro,1,undirected
Ty Dolla $ign,Mitch E-Slick,2,undirected
Colt Ford,Trailer Choir,1,undirected
TF,ScHoolboy Q,1,undirected
Kendrick Lamar,Bilal,2,undirected
Diddy,Ludacris,1,undirected
Dream Junkies,Carlene Crawford,1,undirected
Daveed Diggs,Wax,1,undirected
Jill Scott,Pusha T,1,undirected
Mozzy,Jay Rock,1,undirected
Mariam,LightShow,1,undirected
Ink,T.I.,1,undirected
Lin-Manuel Miranda,Sydney James Harcourt,1,undirected
Alexio,Farruko,1,undirected
Lil Wayne,Drake,1,undirected
Mistah F.A.B.,The Jacka,1,undirected
Joe Moses,Scheme,1,undirected
Mista Cain,Racked Up Ready,1,undirected
Sammy Adams,Madison Love,1,undirected
SZA,ScHoolboy Q,1,undirected
Jeezy,DJ Drama,1,undirected
Ari Lennox,Cozz,1,undirected
Madeintyo,Travis Scott,1,undirected
ESG,Pimp C,1,undirected
Atmosphere,Dem Atlas,1,undirected
Arcangel,Cosculluela,2,undirected
Cau2g$,Stack Bundles,1,undirected
Cosculluela,Lui-G 21+,1,undirected
Snow Tha Product,PnB Rock,1,undirected
August Alsina,Chris Brown,1,undirected
Candace Boyd,DJ Quik,1,undirected
A.G.,O.C.,1,undirected
KJ,G Mo Skee,1,undirected
Wiz Khalifa,Charlie Puth,1,undirected
Berner,Freeze,1,undirected
Rara,Meek Mill,1,undirected
MO3,deja,1,undirected
Big Sean,G-Eazy,1,undirected
Apathy,Maria Grazia,1,undirected
2 Chainz,Big Sean,1,undirected
Ty Dolla $ign,Pimp C,1,undirected
The Game,Meek Mill,1,undirected
The Jacka,J. Stalin,1,undirected
Mozzy,E MOZZY,4,undirected
Keak Da Sneak,Mistah F.A.B.,1,undirected
Upchurch,Justin Adams,1,undirected
D-Loc,TC,1,undirected
Malik,King Lil G,1,undirected
Buddy,BJ The Chicago Kid,1,undirected
Original Broadway Cast of Hamilton,Phillipa Soo,6,undirected
Moonshine Bandits,Crucifix,1,undirected
Bumpy Knuckles,Big Scoob,1,undirected
Kendo,Cosculluela,1,undirected
Marc E. Bassy,G-Eazy,1,undirected
Curren$y,Fiend,1,undirected
Micah,Sevyn Streeter,2,undirected
E-40,Kid Ink,1,undirected
Sione Toki,Jamesthemormon,1,undirected
Elena,Syd,1,undirected
DJ Khaled,Kendrick Lamar,1,undirected
The Hics,Bas,2,undirected
Q-Tip,Eric Bellinger,2,undirected
Nengo Flow,Pusho,1,undirected
Devin The Dude,Erk Tha Jerk,1,undirected
E-40,Jay 305,1,undirected
Meek Mill,Nipsey Hussle,1,undirected
Pusha T,Ludacris,1,undirected
Yo Gotti,2 Chainz,1,undirected
Sick Jacken,Maria Grazia,1,undirected
E-40,Mistah F.A.B.,2,undirected
Danny Brown,Kelela,1,undirected
Vince Staples,ScHoolboy Q,1,undirected
Dee-1,GS,1,undirected
Dave East,Sevyn Streeter,1,undirected
Bernz,Stige,2,undirected
B-Real,Snoop Dogg,1,undirected
Racket County,I4NI,1,undirected
Youngs Teflon,KSI,1,undirected
Candice Pillay,ScHoolboy Q,1,undirected
Mistah F.A.B.,Raekwon,1,undirected
Dyson,Mistah F.A.B.,2,undirected
Jadakiss,Future,1,undirected
The Game,Kanye West,2,undirected
No Fatigue,Montana of 300,2,undirected
G Mo Skee,Inf Gang,1,undirected
DJ Premier,Rick Ross,1,undirected
The Game,ScHoolboy Q,2,undirected
Drake,Gucci Mane,1,undirected
Future,King Los,1,undirected
Nicki Minaj,Wiz Khalifa,1,undirected
Vinnie Paz,Hus KingPin,1,undirected
Bandgang,Philthy Rich,1,undirected
De La Soul,Usher,1,undirected
E-40,Big Scoob,1,undirected
B-Real,B-Legit,1,undirected
Z-Ro,Mike D,1,undirected
Dr. Dre,Snoop Dogg,1,undirected
Dr. Ravi Zacharias,Da' T.R.U.T.H.,5,undirected
Ty Dolla $ign,Scheme,1,undirected
Baby Bash,King Lil G,1,undirected
October London,Snoop Dogg,1,undirected
The Game,Sonyae,4,undirected
Tech N9ne Collabos,Mackenzie Nicole,1,undirected
HG Free,Junior Maile,1,undirected
Lin-Manuel Miranda,Ariana DeBose,1,undirected
Meek Mill,21 Savage,1,undirected
Gunna,Young Thug,1,undirected
Rick Ross,DJ Khaled,2,undirected
Sadie Vada,Q-Unique,1,undirected
Boosie Badazz,Iamsu!,1,undirected
Tish Hyman,Styles P,1,undirected
CES Cru,Rittz,1,undirected
DJ Luian,Nengo Flow,2,undirected
Adam Vida,Wax,1,undirected
Ty Dolla $ign,Sevyn Streeter,1,undirected
Future,Rae Sremmurd,1,undirected
Sage The Gemini,Future,1,undirected
Big Smo,Jimmy Burney,1,undirected
Kodak Black,Rae Sremmurd,2,undirected
A$AP Rocky,James Fauntleroy,1,undirected
Roscoe Dash,Wiz Khalifa,1,undirected
Kym McCoy,Webbie,1,undirected
E-40,Stresmatic,5,undirected
Joey Jewish,Ruslan,1,undirected
The Game,Anderson .Paak,4,undirected
John Givez,Lecrae,1,undirected
Cam'Ron,Smoke Dza,1,undirected
Shell,Webbie,1,undirected
Wale,Rich Homie Quan,1,undirected
Vinnie Paz,SmooVth,1,undirected
Juicy J,Peewee Longway,1,undirected
Kevin Gates,Trey Songz,1,undirected
Square Bizzy,Al-Readii,1,undirected
G Mo Skee,Katz,1,undirected
Ty Dolla $ign,Snoop Dogg,1,undirected
Fabolous,Joe Budden,1,undirected
Conway,Skyzoo,1,undirected
Guordan Banks,Pusha T,1,undirected
JoJo,Skizzy Mars,1,undirected
Pete Rock,Dom Kennedy,1,undirected
Original Broadway Cast of Hamilton,Leslie Odom Jr.,17,undirected
Problem,Wiz Khalifa,1,undirected
Lil Wayne,DJ Drama,1,undirected
T-Gorilla,Square Bizzy,1,undirected
Syke 800,YG,1,undirected
Joe Moses,AD,2,undirected
Courtney Orlando,Sho Baraka,1,undirected
Lil Durk,Dej Loaf,1,undirected
Young Life,Freddie Gibbs,1,undirected
Paul Wall,Slim Thug,1,undirected
French Montana,Zoey Dollaz,1,undirected
Jill Scott,De La Soul,1,undirected
Diddy,King Los,2,undirected
Lex Aura,Tone ..C,1,undirected
Lin-Manuel Miranda,Jasmine Cephas-Jones,1,undirected
Chinx,MeetSims,4,undirected
Meek Mill,Lil Uzi Vert,1,undirected
iDA HAWK,Kosha Dillz,1,undirected
Ty Dolla $ign,D-Loc,1,undirected
Bernz,Kiddo,1,undirected
Wiz Khalifa,Trey Songz,1,undirected
Kool Keith,Atmosphere,1,undirected
Styles P,King Los,1,undirected
E-40,Willy Will,2,undirected
Cam'Ron,NymLo,1,undirected
Vinnie Paz,Conway,1,undirected
Meek Mill,Quavo,2,undirected
Mozzy,Lil Blood,2,undirected
Childish Gambino,Logic,1,undirected
Slim Thug,XO,1,undirected
Don Trip,Young Dolph,1,undirected
Quiñ,G-Eazy,1,undirected
Sasha Hutchings,Original Broadway Cast of Hamilton,1,undirected
Ty Dolla $ign,Big TC,1,undirected
Common,BJ The Chicago Kid,1,undirected
EMC Senatra,Cutthroat Season,2,undirected
Joell Ortiz,Nate Ruess,1,undirected
Meek Mill,Ludwig Goransson,1,undirected
Lil Blood,Iamsu!,1,undirected
Bobby V.,Mistah F.A.B.,1,undirected
August Alsina,DJ Drama,1,undirected
Hugh Augustine,Jay Rock,1,undirected
Key,A$AP Mob,1,undirected
Boosie Badazz,Mistah F.A.B.,1,undirected
The Game,Scarface,2,undirected
CZARFACE,Rast Rfc,1,undirected
Ty Dolla $ign,James Fauntleroy,1,undirected
Niña Dioz,Kosha Dillz,1,undirected
Trae Tha Truth,Audio Push,1,undirected
Trae Tha Truth,J-Dawg,1,undirected
Mozzy,Leezy Lyfe,1,undirected
DJ Khaled,Kodak Black,1,undirected
Wale,Tyga,1,undirected
Ty Dolla $ign,Brandy,1,undirected
Rara,Quavo,1,undirected
Watsky,Dumbfoundead,1,undirected
Eshon Burgundy,Parade,1,undirected
Young Thug,T.I.,2,undirected
Juvenile,Dame D.O.L.L.A,1,undirected
Lil Keke,Pimp C,2,undirected
Lin-Manuel Miranda,Dave East,1,undirected
Translee,London Jae,1,undirected
Future,A$AP Ferg,1,undirected
MO3,Hurricane Chris,1,undirected
Smoke Dza,Pete Rock,13,undirected
Sad Boy,AD,1,undirected
B.o.B,Ink,1,undirected
Ty Dolla $ign,The Game,4,undirected
DJ Luian,Wisin,1,undirected
Anthony Ramos,Christopher Jackson,2,undirected
The Game,will.i.am,6,undirected
Big Noyd,Raekwon,1,undirected
Rara,Tokyo Jetz,1,undirected
Common,Marsha Ambrosius,1,undirected
Sione Toki,Junior Maile,1,undirected
Masta Killa,Banks & Steelz,1,undirected
DJ Luian,Pusho,1,undirected
De La Soul,Roc Marciano,1,undirected
Skepta,Jme,1,undirected
Nicki Minaj,Chris Brown,1,undirected
Charlie Wilson,T.I.,1,undirected
Jazze Pha,E-40,2,undirected
Wiz Khalifa,Lil' Kim,1,undirected
J. Cole,Bas,2,undirected
Webbie,Lil Lonnie,1,undirected
Chinx,Stack Bundles,1,undirected
UGK,A$AP Rocky,1,undirected
Smoke Dza,Styles P,1,undirected
The Game,AD,3,undirected
Diddy,Lil' Kim,1,undirected
John Legend,The Roots,1,undirected
Dumbfoundead,Wax,1,undirected
Ty Dolla $ign,AD,2,undirected
E-40,Snoop Dogg,1,undirected
Mama Ferg,A$AP Ferg,1,undirected
Cardi B,Lisa Evers,1,undirected
Arcangel,Genio,2,undirected
Rick Ross,Yo Gotti,1,undirected
The Lonely Island,Seal,1,undirected
Snow Tha Product,Riz MC,1,undirected
Kool Moe Dee,Macklemore & Ryan Lewis,1,undirected
Nicki Minaj,Rick Ross,1,undirected
Busta Rhymes,Nate Ruess,1,undirected
DJ Mustard,Meek Mill,1,undirected
Stresmatic,Cousin Fik,1,undirected
Marley Blu,Syke 800,1,undirected
Banks & Steelz,Florence Welch,1,undirected
De La Soul,2 Chainz,1,undirected
Mac Miller,DJ Drama,1,undirected
French Montana,Kodak Black,1,undirected
Chris Brown,G-Eazy,1,undirected
Diddy,Wiz Khalifa,1,undirected
The Game,ShaSha,2,undirected
Lance Skiiiwalker,ScHoolboy Q,1,undirected
Bizzle,Eric C,1,undirected
Okieriete Onaodowan,Original Broadway Cast of Hamilton,7,undirected
DJ Snake,Lil Jon,1,undirected
Miguel,A$AP Rocky,1,undirected
Nas,Olu Dara,1,undirected
Riff Raff,King Chip,1,undirected
Joe Moses,TeeCee4800,1,undirected
Young Butta,Young Thug,1,undirected
Chief Keef,Travis Scott,1,undirected
Apathy,Pumpkinhead,1,undirected
Crystal Caines,Skrillex,1,undirected
Rafael Casal,Dumbfoundead,1,undirected
S Dot Braddy,$uicideBoy$,1,undirected
Mozzy,Noni Blanco,1,undirected
Trae Pound,Bloody Jay,1,undirected
DJ Khaled,2 Chainz,1,undirected
Isaiah Rashad,SZA,1,undirected
Mick Jenkins,J-Stock,1,undirected
Trae Tha Truth,Ink,2,undirected
Styles P,BJ The Chicago Kid,1,undirected
Problem,Shy Carter,1,undirected
The Game,Diddy,2,undirected
Ice Cube,will.i.am,1,undirected
Casino,Future,1,undirected
Arcangel,Pusho,1,undirected
Fetty Wap,Lil Dicky,1,undirected
Flatbush Zombies,Anthony Flammia,1,undirected
Cosculluela,Farruko,1,undirected
Yowda,Philthy Rich,1,undirected
Problem,YG,2,undirected
Berner,Wiz Khalifa,5,undirected
David Banner,Pimp C,1,undirected
Playboi Carti,A$AP Mob,2,undirected
Problem,Bad Lucc,1,undirected
Dave East,Pete Rock,1,undirected
Nicki Minaj,Yo Gotti,1,undirected
Jasmine Cephas-Jones,Leslie Odom Jr.,2,undirected
Grandmaster Melle Mel,Macklemore & Ryan Lewis,1,undirected
Tory Lanez,Fabolous,1,undirected
August Alsina,Rick Ross,1,undirected
Ty Dolla $ign,Chris Brown,1,undirected
KSI,Jme,1,undirected
Gracy,Beleaf,1,undirected
Boosie Badazz,VS,2,undirected
The Game,Fergie,2,undirected
Atmosphere,The Grouch,1,undirected
Kevin Gates,Juicy J,1,undirected
Yung Gleesh,A$AP Rocky,1,undirected
Future,Curren$y,1,undirected
A$AP Mob,Tatiana Paulino,1,undirected
Tech N9ne,JL B.Hood,1,undirected
Sad Boy,Bricc Baby,1,undirected
The Game,Shasha,2,undirected
Kacy Hill,Travis Scott,1,undirected
Rick Ross,James Fauntleroy,1,undirected
Rapsody,Kendrick Lamar,1,undirected
T.I.,DJ Drama,1,undirected
Dave East,Freddie Gibbs,1,undirected
DJ Premier,KRS-One,1,undirected
DJ Mustard,RJ,3,undirected
John Givez,JGivens,1,undirected
Future,Lil Durk,1,undirected
Boosie Badazz,Cuttyboy G Dinero,1,undirected
Apathy,Oh No,1,undirected
Dame D.O.L.L.A,Danny from Sobrante,2,undirected
August Alsina,Jeremih,1,undirected
A$AP Rocky,Offset,1,undirected
Mike Posner,E-40,1,undirected
M.I.A.,ZAYN,1,undirected
Madrox,Blaze Ya Dead Homie,1,undirected
Skepta,Novelist,1,undirected
Don Trip,Singa B.,2,undirected
2 Chainz,Gucci Mane,1,undirected
Guordan Banks,Meek Mill,1,undirected
$uicideBoy$,Germ,1,undirected
Tokyo Jetz,London Jae,1,undirected
Justin Hawkins,De La Soul,1,undirected
LightShow,A$Ap Ant,1,undirected
AD,AV,1,undirected
Ab-Soul,Earl Sweatshirt,1,undirected
A$AP Mob,Offset,1,undirected
Scheme,AD,1,undirected
Skeme,RJ,1,undirected
Casino,Diddy,1,undirected
Bubba Sparxxx,I4NI,1,undirected
Tech N9ne Collabos,Ryan Bradley,1,undirected
De La Soul,Snoop Dogg,1,undirected
Bizzle,GS,1,undirected
Bynoe,Chinx,1,undirected
Rich Homie Quan,Tyga,1,undirected
Skonie,Elzhi,1,undirected
Carlene Crawford,Ruslan,1,undirected
Boondox,Lex the Hex Master,1,undirected
Dizzy Wright,Skate Maloley,1,undirected
Twiztid,Hopsin,1,undirected
Lunar C,Tiggs Da Author,1,undirected
Fabolous,Busta Rhymes,1,undirected
Freeway,Philthy Rich,1,undirected
Styles P,Lil' Kim,1,undirected
D-Day,Tamoya Bell,1,undirected
Flynt Flossy of Turquoise Jeep,Kosha Dillz,1,undirected
Rich Homie Quan,Lil Blood,1,undirected
Txx Will,Tech N9ne,1,undirected
Diddy,Brucie B,1,undirected
Renee Elise Goldsberry,Leslie Odom Jr.,2,undirected
Tech N9ne Collabos,¡MAYDAY!,1,undirected
Future,YG,1,undirected
Derek Minor,BJ The Chicago Kid,1,undirected
E-40,AD,1,undirected
Grieves,Wax,1,undirected
Joell Ortiz,Skyzoo,1,undirected
Chris Rivers,Lex the Hex Master,1,undirected
DJ Luian,Mozart La Para,1,undirected
Casino,Pusha T,1,undirected
Atmosphere,Berner,1,undirected
Sad Boy,YG,2,undirected
Mos Def,Yams,1,undirected
Juicy J,A$AP Rocky,2,undirected
TeeCee4800,K CAMP,1,undirected
Lunar C,KSI,1,undirected
Vince Staples,Ludwig Goransson,1,undirected
Wiz Khalifa,A$AP Mob,1,undirected
Ezale,G-Eazy,1,undirected
The Lacs,I4NI,2,undirected
David Guetta,Kaz James,1,undirected
JT,King Mez,2,undirected
Aha Gazelle,Social Club Misfits,1,undirected
Chrizz Michaels,Mista Cain,2,undirected
Atmosphere,Kim Manning,1,undirected
Big Sean,Logic,1,undirected
DJ Mustard,K CAMP,1,undirected
Okieriete Onaodowan,Phillipa Soo,1,undirected
Mistah F.A.B.,Lupe Fiasco,1,undirected
Westside Gunn,Skyzoo,1,undirected
Bubba Sparxxx,J Rosevelt,1,undirected
PJ,Common,2,undirected
Danny Brown,B-Real,1,undirected
Paul Wall,Mistah F.A.B.,1,undirected
Nicky Jam,Cosculluela,2,undirected
Lin-Manuel Miranda,Thayne Jasperson,1,undirected
Method Man,Havoc,1,undirected
Starrah,G-Eazy,1,undirected
Macklemore & Ryan Lewis,Anderson .Paak,1,undirected
Montana of 300,Jalyn Sanders,3,undirected
Dj Swamp,Blaze Ya Dead Homie,3,undirected
Ty Dolla $ign,Joe Moses,3,undirected
E-40,Eric Bellinger,1,undirected
The Lacs,Hard Target,14,undirected
Rick Ross,T.I.,1,undirected
ShaSha,Q-Tip,1,undirected
K-Young,Royce Da 5'9",1,undirected
Young Thug,Jeezy,1,undirected
Mouton,Kuzzn Bank,1,undirected
8Ball,Pimp C,1,undirected
Derek Minor,Chrisette Michele,1,undirected
Kappa Gamma,Apathy,1,undirected
The Lacs,Danny Boone,1,undirected
Flo Rida,Lookas,2,undirected
Jay 305,YG,1,undirected
Lil Keke,Slim Thug,1,undirected
Mistah F.A.B.,Iamsu!,2,undirected
Freeway,Paul Wall,1,undirected
Chinaka Hodge,Dumbfoundead,1,undirected
8Ball,MJG,1,undirected
Kobe Honeycutt,Kendrick Lamar,1,undirected
Rittz,E-40,1,undirected
August Alsina,Trey Songz,1,undirected
Mitch,YG,1,undirected
I4NI,Hard Target,1,undirected
marcus wells,Que Tha Music,1,undirected
Ralo,Lil Durk,1,undirected
Bilal,Syd,1,undirected
Don Chief,Que Tha Music,1,undirected
will.i.am,Dr. Dre,2,undirected
The Game,Candace Boyd,1,undirected
Ty Dolla $ign,Travis Scott,1,undirected
Vinnie Paz,Agallah,1,undirected
Wiz Khalifa,Peewee Longway,1,undirected
Apollo Brown,Skyzoo,15,undirected
Junior Maile,Jay Warren,1,undirected
Trae Tha Truth,D. Lylez,1,undirected
Christopher Jackson,Daveed Diggs,4,undirected
Travis Scott,Big Sean,1,undirected
Machine Gun Kelly,Kid Rock,1,undirected
Krizz Kaliko,Prozak,1,undirected
Danny from Sobrante,Brookfield Duece,1,undirected
Buddy,DJ Quik,1,undirected
Corner Boy P,Fiend,1,undirected
Demoz,Agallah,1,undirected
Lil Durk,Young Thug,3,undirected
Yakki,Skeme,1,undirected
Casino,Ludacris,1,undirected
Lil Wayne,DJ Khaled,1,undirected
Paul Wall,Philthy Rich,1,undirected
Pharrell Williams,Future,1,undirected
Nutso,Spit Gemz,1,undirected
Anthony Ramos,Jon Rua,1,undirected
Z-Ro,Paul Wall,1,undirected
Mistah F.A.B.,Keyshia Cole,1,undirected
Method Man,Masta Killa,1,undirected
Devin The Dude,Pimp C,1,undirected
A$AP Rocky,BJ The Chicago Kid,1,undirected
Sheena,Sevin,1,undirected
Robin Thicke,Verdine White,1,undirected
Joe Moses,RJ,2,undirected
Eric C,Sevin,1,undirected
Jazze Pha,B-Legit,1,undirected
The Roots,Ingrid Michaelson,1,undirected
Square Bizzy,Tic,1,undirected
Young Dolph,T.I.,1,undirected
Rico Love,Wiz Khalifa,1,undirected
Young Scooter,Offset,1,undirected
The Alchemist,Cormega,1,undirected
Boosie Badazz,Tony Michael,1,undirected
Krizz Kaliko,Big Scoob,1,undirected
Trae Pound,YFN Lucci,1,undirected
Project Pat,Wiz Khalifa,2,undirected
NymLo,Smoke Dza,1,undirected
Paul Wall,B-Real,1,undirected
Kanye West,Gucci Mane,1,undirected
Bicho Ramirez,Cartel De Santa,1,undirected
French Montana,Diddy,3,undirected
Royce Da 5'9",Pusha T,1,undirected
Bizzle,Dee-1,1,undirected
Lil Yachty,Offset,1,undirected
Brandy,Kendrick Lamar,1,undirected
Drake,Pimp C,1,undirected
Alexio,Nengo Flow,1,undirected
K'NAAN,Residente,1,undirected
E-40,Lecrae,1,undirected
The Game,King Mez,2,undirected
Lenny Cooper,Young Gunner,3,undirected
Phillipa Soo,Christopher Jackson,2,undirected
Remo the Hitmaker,Chinx,1,undirected
Wiz Khalifa,"Tyler, The Creator",1,undirected
Rick Ross,Mariah Carey,1,undirected
DJ Premier,Macklemore & Ryan Lewis,1,undirected
Watsky,Chaos Chaos,1,undirected
AD,RJ,2,undirected
Young Boss,Big Scoob,1,undirected
Michael Bolton,The Lonely Island,1,undirected
Sonyae,Anderson .Paak,2,undirected
Violent J,Twiztid,1,undirected
Bynoe,Stack Bundles,1,undirected
Choose Up Cheese,Cousin Fik,1,undirected
PJ,Marsha Ambrosius,1,undirected
Lil Dicky,Brendon Urie,1,undirected
Pharrell Williams,Ludacris,1,undirected
Slim Thug,Mistah F.A.B.,1,undirected
Mozzy,Iamsu!,2,undirected
Trev Case,Big K.R.I.T.,1,undirected
Demun Jones,J Rosevelt,1,undirected
The Homegirl,YG,1,undirected
Kanye West,ScHoolboy Q,1,undirected
DJ Khaled,Gucci Mane,1,undirected
Twiztid,Lex the Hex Master,2,undirected
Mitch E-Slick,Scheme,1,undirected
Rick Ross,Smoke Dza,1,undirected
Mitch E-Slick,Jay 305,2,undirected
Boosie Badazz,Lil Durk,1,undirected
Demun Jones,Lenny Cooper,1,undirected
Cutthroat Season,Young Drummer Boy,2,undirected
Omarion,Kid Ink,1,undirected
Macklemore & Ryan Lewis,YG,1,undirected
Skepta,ASAP Nast,1,undirected
Original Broadway Cast of Hamilton,Ephraim Sykes,1,undirected
Playboi Carti,Lil Uzi Vert,1,undirected
Translee,B.o.B,1,undirected
Big Sean,A$AP Ferg,1,undirected
Patty Crash,Skyzoo,1,undirected
Maejor,Berner,1,undirected
JL B.Hood,Big Scoob,1,undirected
Lil Uzi Vert,A$AP Ferg,1,undirected
Mistah F.A.B.,Silke,1,undirected
Z-Ro,Slim Thug,2,undirected
WatchTheDuck,J-Dawg,1,undirected
Mac Miller,Pete Rock,1,undirected
Arcangel,Jory,1,undirected
Watsky,Chinaka Hodge,1,undirected
Anthony Ramos,Renee Elise Goldsberry,1,undirected
Young Scooter,Philthy Rich,1,undirected
DJ Luian,Farruko,2,undirected
The Lacs,Ziggy Pockets,1,undirected
De La Soul,David Byrne,1,undirected
Millonario,Cartel De Santa,1,undirected
Dame D.O.L.L.A,Dupre',1,undirected
Big Noyd,Mobb Deep,3,undirected
Big Scoob,B-Legit,1,undirected
J.R. Donato,Wiz Khalifa,1,undirected
Brotha Lynch Hung,Tyler Lyon,1,undirected
Dave East,Jazzy Amra,1,undirected
Rick Ross,ScHoolboy Q,1,undirected
ScHoolboy Q,Currensy Spitta,1,undirected
Njomza,Mac Miller,2,undirected
A$Ap Ant,A$AP Ferg,1,undirected
Bryson Tiller,Future,1,undirected
Mike Stud,Marcus Stroman,1,undirected
Smoke Dza,Dom Kennedy,1,undirected
dvsn,Drake,1,undirected
Nick Brewer,Lunar C,1,undirected
No Fatigue,Savage,2,undirected
The Game,Problem,5,undirected
French Montana,Jeezy,2,undirected
Bankroll Fresh,Jeezy,1,undirected
Betty Wright,Big Sean,1,undirected
Sway,KSI,1,undirected
Farruko,Pusho,1,undirected
Lenny Cooper,Sarah Ross,1,undirected
Smitty,Elzhi,1,undirected
Lin-Manuel Miranda,Phillipa Soo,8,undirected
Kodak Black,Jeezy,1,undirected
Demrick,Berner,1,undirected
Demrick,B-Real,1,undirected
CeeLo Green,Mac Miller,2,undirected
La Coka Nostra,Nems,1,undirected
Mozzy,Sleepy D,2,undirected
Dream Junkies,Ruslan,11,undirected
Lizzo,Astronautalis,1,undirected
JL,Big Scoob,1,undirected
The Roots,Joell Ortiz,1,undirected
Joe Moses,YG,2,undirected
Travis Scott,Quavo,2,undirected
Tory Lanez,Joe Budden,1,undirected
Lex Aura,The Jacka,1,undirected
Scrufizzer,Sway,1,undirected
The Lacs,Moonshine Bandits,1,undirected
E-40,Jay Rock,1,undirected
Tiara,Royce Da 5'9",1,undirected
Blackbear,Kyle,1,undirected
Yams,A$AP Rocky,1,undirected
Iamsu!,Philthy Rich,1,undirected
Lil Wayne,A$AP Rocky,1,undirected
Chris Batson,Social Club Misfits,1,undirected
Anthony Ramos,Leslie Odom Jr.,7,undirected
Lil Uzi Vert,A$Ap Ant,1,undirected
Apollo Brown,Stalley,1,undirected
Anthony Ramos,Okieriete Onaodowan,5,undirected
Sia,Miguel,1,undirected
Arcangel,Maluma,1,undirected
Chinx,Movado,1,undirected
Flo Rida,Noodles,1,undirected
ScHoolboy Q,Mistah F.A.B.,1,undirected
TaeDaKiid,Sleepy D,1,undirected
theMIND,Pete Rock,1,undirected
PeeWee Roscoe,Young Thug,1,undirected
Skeme,DJ Drama,3,undirected
Hollyn,Derek Minor,1,undirected
Sick Jacken,La Coka Nostra,2,undirected
P!nk,The Lonely Island,1,undirected
E-40,YV,1,undirected
RJ,Philthy Rich,1,undirected
Juicy J,Tm88,16,undirected
King Los,Lil' Kim,1,undirected
Swae Lee,Chief Keef,1,undirected
Shakewell,Pouya,1,undirected
Chance The Rapper,Macklemore & Ryan Lewis,1,undirected
Genio,Nengo Flow,1,undirected
Little Dragon,De La Soul,1,undirected
Dylan Cage,Mista Cain,1,undirected
"Tyler, The Creator",A$AP Mob,1,undirected
The Game,Asia Bryant,1,undirected
Scheme,RJ,1,undirected
The Game,Lorine Chia,1,undirected
Ras Kass,Apathy,1,undirected
Nicki Minaj,August Alsina,1,undirected
Genio,Farruko,1,undirected
Fetty Wap,Monty,9,undirected
Crystal Johnson,Mobb Deep,1,undirected
August Alsina,Curren$y,1,undirected
Sasha Hutchings,Ariana DeBose,1,undirected
Vince Staples,Donald Glover,1,undirected
UGK,Juicy J,1,undirected
Ty Dolla $ign,Future,3,undirected
X-Perience,Macklemore & Ryan Lewis,2,undirected
Bizzle,Lavoisier,1,undirected
DJ Mustard,Quavo,1,undirected
Brotha Lynch Hung,Prozak,1,undirected
Carla Morrison,Macklemore & Ryan Lewis,1,undirected
B-Legit,Tre Solid,1,undirected
Meek Mill,Jhene Aiko,1,undirected
Kevin Gates,Jamie Foxx,1,undirected
Dylan Cage,Doe B,1,undirected
Riff Raff,Gucci Mane,1,undirected
Joe Fox,Future,1,undirected
Big Smo,Casey Beathard,1,undirected
Rafael Casal,Daveed Diggs,1,undirected
Flo Rida,Fitz,1,undirected
The Game,Payso,2,undirected
GENER8ION,M.I.A.,1,undirected
Audio Push,T.I.,1,undirected
Joe Fox,A$AP Rocky,5,undirected
Young Drummer Boy,King Lil G,3,undirected
Rich The Kid,RJ,1,undirected
Westside Gunn,Conway,1,undirected
The Game,Busta Rhymes,2,undirected
C-Murder,Mac Milli,1,undirected
Trae Tha Truth,WatchTheDuck,1,undirected
Rick Ross,John Legend,2,undirected
E-40,Droop-E,1,undirected
Chinaka Hodge,Daveed Diggs,1,undirected
Method Man,Banks & Steelz,1,undirected
Flo Rida,Verdine White,1,undirected
The Game,Jon Conner,2,undirected
Leslie Odom Jr.,Jon Rua,1,undirected
Problem,Candace Boyd,1,undirected
Boosie Badazz,Yella,1,undirected
O'Neill,Cosculluela,2,undirected
Mozzy,TaeDaKiid,1,undirected
Beanie Sigel,Dave East,1,undirected
Mozzy,Bruce Banna,1,undirected
Lecrae,JGivens,1,undirected
K-Ci & JoJo,TWENTY88,1,undirected
Kool Keith,Banks & Steelz,1,undirected
Burnt Out,Syke 800,1,undirected
Chinaka Hodge,Wax,1,undirected
Meyhem Lauren,CZARFACE,1,undirected
Rara,Lady G,1,undirected
Ralo,Young Thug,1,undirected
Tyga,YG,1,undirected
Juicy J,Pimp C,3,undirected
Shasha,Q-Tip,1,undirected
Bun B,King Lil G,1,undirected
E-40,Nicamari,1,undirected
Playboi Carti,Offset,1,undirected
Joe Moses,E-40,1,undirected
Kehlani,Pusha T,1,undirected
Wale,Pete Rock,1,undirected
Young Dolph,21 Savage,1,undirected
Swizz Beatz,Snoop Dogg,3,undirected
Cam'Ron,Dave East,1,undirected
E-40,Tre Solid,1,undirected
White Dave,K.E.L.L.S.,1,undirected
Juvenile,Danny from Sobrante,1,undirected
Matisyahu,Kosha Dillz,1,undirected
Mozzy,June,5,undirected
Mistah F.A.B.,Kobe Honeycutt,1,undirected
Hoodie Allen,Ricky Smith,1,undirected
DJ Khaled,Future,4,undirected
Trae Tha Truth,Roscoe Dash,1,undirected
Dave East,DJ Drama,1,undirected
Solo Lucci,Young Thug,1,undirected
Mickey Shiloh,Kosha Dillz,1,undirected
B. Rossi,T.I.,1,undirected
Racket County,Hard Target,14,undirected
Fetty Wap,Kid Ink,1,undirected
Nicki Minaj,Future,1,undirected
Future,21 Savage,1,undirected
Jadakiss,DJ Khaled,1,undirected
Bernz,Ag Lyonz,1,undirected
Ghost Loft,Wiz Khalifa,1,undirected
Metro Boomin,21 Savage,9,undirected
Grieves,Dumbfoundead,1,undirected
Nas,Mobb Deep,1,undirected
Devin The Dude,B-Real,1,undirected
ScHoolboy Q,Jay Rock,2,undirected
Katz,Hopsin,1,undirected
Deacon Blues,Isaiah Rashad,1,undirected
Mitch E-Slick,AD,2,undirected
YFN Lucci,Meek Mill,1,undirected
Mista Cain,Starlito,1,undirected
Lil Wayne,Travis Scott,1,undirected
Boosie Badazz,Pimp C,1,undirected
Cutthroat Season,LA Gun Smoke,2,undirected
Cutthroat Season,King Lil G,2,undirected
B. Rossi,Killer Mike,1,undirected
S Dot Braddy,Pouya,1,undirected
Ty Dolla $ign,Nipsey Hussle,1,undirected
French Montana,Chinx,1,undirected
E-40,K CAMP,1,undirected
Chris Brown,A$AP Ferg,1,undirected
Sauce Twinz,Philthy Rich,1,undirected
Datin,Sean C. Johnson,1,undirected
Yung Gleesh,A$AP Mob,1,undirected
Gucci Mane,Young Dolph,1,undirected
Trev Case,T.I.,1,undirected
Big Scoob,Mackenzie Nicole,1,undirected
Rick Ross,Pusha T,1,undirected
Young Scooter,Young Thug,1,undirected
Duce,YG,1,undirected
Tory Lanez,Chris Brown,1,undirected
Ty Dolla $ign,Lil Durk,1,undirected
Slim Thug,Nikki Lactson,1,undirected
A$AP Rocky,Pusha T,1,undirected
Kari Faux,Deacon Blues,1,undirected
Karmin,Futuristic,1,undirected
Kehlani,G-Eazy,1,undirected
Project Pat,Tm88,1,undirected
Bobo Swae,Rae Sremmurd,2,undirected
Ty Dolla $ign,R. Kelly,1,undirected
Pharrell Williams,Casino,1,undirected
Paul Wall,Boogie Man,1,undirected
Bumps Inf,Datin,2,undirected
Dr. Dre,MC Ren,1,undirected
EMC Senatra,King Lil G,2,undirected
Rich Homie Quan,YG,1,undirected
Talley Of 300,Jalyn Sanders,2,undirected
Dame D.O.L.L.A,Raphael Saadiq,1,undirected
Sage The Gemini,Juicy J,1,undirected
Tech N9ne Collabos,Prozak,2,undirected
Macklemore & Ryan Lewis,Jamila Woods,1,undirected
Ty Dolla $ign,Meek Mill,2,undirected
Paul Wall,Big Scoob,1,undirected
Mak Digg,Square Bizzy,2,undirected
Marty Baller,Lil Uzi Vert,1,undirected
Original Broadway Cast of Hamilton,Christopher Jackson,7,undirected
Busta Rhymes,Kent Jones,1,undirected
KSI,Tiggs Da Author,1,undirected
Ab-Soul,Mac Miller,1,undirected
DJ Quick,Sevyn Streeter,1,undirected
JP Cali,Buddy,1,undirected
Rick Ross,Royce Da 5'9",1,undirected
Skeme,Chris Brown,1,undirected
Clif Soulo,Legendvry,1,undirected
Bruce Banna,June,1,undirected
Montana of 300,Shabba Wolf,1,undirected
Miguel,Queen Latifah,1,undirected
Quez,Berner,2,undirected
Mike Posner,Rittz,1,undirected
Daniel Lee,Charlie Farley,1,undirected
Wiz Khalifa,A$AP Rocky,1,undirected
Jamie Madrox,Lex the Hex Master,1,undirected
Pete Rock,BJ The Chicago Kid,1,undirected
Thundercat,Anna Wise,1,undirected
Isaiah Rashad,Jay Rock,1,undirected
John Givez,Jackie Hill Perry,1,undirected
Post Malone,Mac Miller,1,undirected
Big Scoob,Bakarii,2,undirected
Tech N9ne,Bakarii,1,undirected
Snoop Dogg,Kendrick Lamar,1,undirected
Tory Lanez,G-Eazy,1,undirected
Toro y Moi,Travis Scott,1,undirected
Big Scoob,Killer Mike,1,undirected
Bizzle,Alexis Spight,1,undirected
KJ,Kuzzn Bank,1,undirected
Arcangel,De La Ghetto,2,undirected
Propaganda,Lecrae,1,undirected
Talley Of 300,Savage,2,undirected
Kool Moe Dee,Eric Nally,1,undirected
Gunna,Travis Scott,1,undirected
Mick Jenkins,Ravyn Lenae,1,undirected
Hoodie Allen,Blackbear,2,undirected
Lil Wayne,Curren$y,1,undirected
Nef The Pharaoh,Ezale,1,undirected
Dream Junkies,John Givez,12,undirected
Machine Gun Kelly,Leroy Sanchez,1,undirected
Bricc Baby,AD,1,undirected
ScHoolboy Q,A$AP Ferg,1,undirected
The Game,Sevyn Streeter,2,undirected
Colt Ford,Charlie Farley,1,undirected
Rick Ross,Mary J. Blige,1,undirected
Beanie Sigel,Pusha T,1,undirected
Chance The Rapper,Francis and the Lights,1,undirected
J. Doe,Riff Raff,1,undirected
Yung Gleesh,Playboi Carti,1,undirected
Problem,Boogie,1,undirected
The Game,Stacy Barthe,2,undirected
Jadakiss,Ne-Yo,1,undirected
Krizz Kaliko,Stige,1,undirected
Kendrick Lamar,Zacari,1,undirected
Bryson Tiller,DJ Khaled,1,undirected
Bobby V.,Snoop Dogg,1,undirected
Fat Nick,Pouya,1,undirected
Kanye West,A$AP Rocky,2,undirected
La Coka Nostra,Rite Hook,3,undirected
Starlito,Young Dolph,1,undirected
Problem,Buddy,1,undirected
Rick Ross,Pete Rock,1,undirected
CZARFACE,Conway,1,undirected
Life+,King Lil G,1,undirected
Mistah F.A.B.,Erk Tha Jerk,1,undirected
Lin-Manuel Miranda,Christopher Jackson,8,undirected
Thundercat,George Clinton,1,undirected
Danny from Sobrante,Marsha Ambrosius,1,undirected
Bun B,Paul Wall,1,undirected
Cormega,Havoc,1,undirected
Audio Push,Rick Ross,1,undirected
S.O.S.,Datin,1,undirected
Shell,Lil Trill,1,undirected
Jasmine Cephas-Jones,Phillipa Soo,1,undirected
KJ,Mouton,1,undirected
Ali Shields,Jamesthemormon,1,undirected
Hoodie Allen,Kyle,1,undirected
Lil B,Mac Miller,1,undirected
Sebastian,Wiz Khalifa,1,undirected
DJ Khaled,Betty Wright,1,undirected
Jakk Frost,Vinnie Paz,2,undirected
Fetty Wap,Rich Homie Quan,1,undirected
Cuttyboy G Dinero,Yella,1,undirected
Desiigner,King Savage,1,undirected
Duce,Marley Blu,1,undirected
Young Scooter,Quavo,1,undirected
Boosie Badazz,Calliope Bub,3,undirected
A$AP Mob,BJ The Chicago Kid,1,undirected
Shasha,Dej Loaf,1,undirected
E-40,Nef The Pharaoh,4,undirected
Snoop Dogg,Anna Wise,1,undirected
Slim Thug,Adoni,1,undirected
A$AP Twelvyy,Key,1,undirected
The Alchemist,Method Man,1,undirected
E-40,B-Legit,3,undirected
N'Dambi,Lecrae,1,undirected
Dumbfoundead,Daveed Diggs,1,undirected
The Game,Snoop Dogg,2,undirected
O'Neill,Kendo,1,undirected
K CAMP,Wiz Khalifa,1,undirected
Webbie,Snoop Dogg,1,undirected
Alexio,Arcangel,2,undirected
Watsky,Daveed Diggs,1,undirected
Lady G,Tokyo Jetz,1,undirected
Smoke Dza,BJ The Chicago Kid,1,undirected
DJ Luian,Maluma,1,undirected
Mistah F.A.B.,2 Chainz,1,undirected
A$AP Rocky,A$AP Mob,7,undirected
TF,Traffic,1,undirected
Snow Tha Product,Residente,1,undirected
Juicy J,Wiz Khalifa,21,undirected
Bumpy Knuckles,Killer Mike,1,undirected
Choose Up Cheese,Stresmatic,1,undirected
Sione Toki,Jay Warren,1,undirected
Diddy,Styles P,3,undirected
The Game,DJ Quick,1,undirected
Rafael Casal,Wax,1,undirected
ESG,Lil Keke,1,undirected
Havoc,Prodigy,1,undirected
Krizz Kaliko,Stevie Stone,1,undirected
Selah the Corner,Dre Murray,1,undirected
Machine Gun Kelly,Victoria Monet,1,undirected
Travis Scott,Young Thug,4,undirected
Rihanna,Drake,1,undirected
Devin The Dude,MJG,1,undirected
Adam Vida,Daveed Diggs,1,undirected
Big Smo,Haden Carpenter,1,undirected
Vinnie Paz,A.G.,1,undirected
Mac Miller,Bilal,2,undirected
Future,2 Chainz,1,undirected
CES Cru,Tech N9ne,1,undirected
Devin The Dude,Mistah F.A.B.,1,undirected
Rae Sremmurd,Juicy J,2,undirected
Big Smo,Brandon Rogers,1,undirected
Nas,Wiz Khalifa,1,undirected
Paul Wall,Berner,1,undirected
Demun Jones,I4NI,1,undirected
Tech N9ne,Krizz Kaliko,5,undirected
Foxx,Webbie,1,undirected
Watsky,Wax,1,undirected
Wiz Khalifa,DJ Quik,1,undirected
DJ Khaled,Busta Rhymes,1,undirected
Chris Dave,Elzhi,1,undirected
Bun B,A$AP Rocky,1,undirected
DJ Khaled,Travis Scott,1,undirected
Sonyae,Future,2,undirected
Bebe Rexha,G-Eazy,1,undirected
1st FKI,Mac Miller,1,undirected
Yo Gotti,Jeezy,1,undirected
B Real,Maria Grazia,1,undirected
Brain,Lil Dicky,1,undirected
Nas,ScHoolboy Q,1,undirected
Future,Metro Boomin,1,undirected
Dave East,Young Life,1,undirected
Marty,NF,1,undirected
J. Cole,DJ Khaled,1,undirected
Jazzy,Joe Budden,1,undirected
Desiigner,Pusha T,1,undirected
NF,Jeremiah Carlson,1,undirected
Blaze Ya Dead Homie,The R.O.C.,1,undirected
Jadakiss,Tish Hyman,1,undirected
Grieves,Chinaka Hodge,1,undirected
John Legend,James Fauntleroy,1,undirected
Ty Dolla $ign,YG,4,undirected
Ty Dolla $ign,DJ Mustard,3,undirected
Fabolous,Kent Jones,1,undirected
Pusha T,Styles P,1,undirected
KB,Da' T.R.U.T.H.,1,undirected
ScHoolboy Q,Anderson .Paak,1,undirected
The Game,Lil E,2,undirected
Adam Vida,Chinaka Hodge,1,undirected
Social Club Misfits,Tree Giants,1,undirected
Ice Cube,Dr. Dre,1,undirected
Dre Murray,Beleaf,1,undirected
Nicki Minaj,DJ Khaled,1,undirected
Wankaego,Lundon,1,undirected
Mozzy,Kid Red,1,undirected
Eazy-E,MC Ren,1,undirected
Nas,will.i.am,2,undirected
Flo Rida,Sage The Gemini,2,undirected
Nef The Pharaoh,Mistah F.A.B.,1,undirected
Ella Mai,DJ Mustard,1,undirected
Rick Ross,Meek Mill,1,undirected
Grieves,Rafael Casal,1,undirected
Nef The Pharaoh,D.R.A.M.,1,undirected
Wale,Meghan Trainor,1,undirected
Trouble,Young Thug,1,undirected
Talley Of 300,Montana of 300,6,undirected
Watsky,Mal Devisa,1,undirected
E-40,D.R.A.M.,1,undirected
Ras Kass,Vinnie Paz,1,undirected
Diddy,Travis Scott,1,undirected
Mos Def,Acyde,1,undirected
EMC Senatra,Young Drummer Boy,2,undirected
Raekwon,G-Eazy,1,undirected
The-Dream,Pusha T,2,undirected
Lucy Rose,Logic,1,undirected
Devin The Dude,Too $hort,1,undirected
Johnny Cinco,HoodRich Pablo Juan,1,undirected
Jadakiss,Diddy,3,undirected
Apollo Brown,Patty Crash,1,undirected
Billy Danze,Chris Rivers,1,undirected
E-40,Mvrcus Blvck,2,undirected
Apathy,Celph Titled,1,undirected
Skepta,BBK,1,undirected
Leon Bridges,Macklemore & Ryan Lewis,1,undirected
will.i.am,Snoop Dogg,2,undirected
Kamaiyah,Drake,1,undirected
Smoke Dza,Mac Miller,1,undirected
Mick Jenkins,theMIND,3,undirected
Gracy,Dream Junkies,1,undirected
C-Murder,Calliope Bub,3,undirected
Bad Lucc,DJ Quik,1,undirected
A.Genius,Square Bizzy,1,undirected
Meek Mill,Drake,1,undirected
Bernz,Wrekonize,2,undirected
Lil Wayne,Dame D.O.L.L.A,1,undirected
Thundercat,Bilal,1,undirected
Ty Dolla $ign,24hrs,1,undirected
Sho Baraka,Jackie Hill Perry,1,undirected
Turf Talk,Husalah,1,undirected
MeetSims,Chrisette Michele,1,undirected
DJ Khaled,Meghan Trainor,1,undirected
Yung Lord,A$AP Mob,1,undirected
Jesse Boykins III,Logic,1,undirected
Bubba Sparxxx,Redneck Souljers,1,undirected
Cau2g$,Chinx,1,undirected
Isaiah Rashad,Zacari,1,undirected
Fetty Wap,Homie Quan,1,undirected
Ty Dolla $ign,Jagged Edge,1,undirected
Murs,Ubiquitous,1,undirected
Anthony Ramos,Lin-Manuel Miranda,11,undirected
DJ Khaled,Wiz Khalifa,1,undirected
Scarface,Stacy Barthe,2,undirected
Casey Veggies,K CAMP,1,undirected
The Game,Q-Tip,2,undirected
Miguel,Mark Ronson,1,undirected
Riff Raff,Dolla Bill Gates,1,undirected
Mozzy,The Jacka,1,undirected
Justine Skye,ScHoolboy Q,1,undirected
Brandy,James Fauntleroy,1,undirected
Bizzle,Bumps Inf,2,undirected
Diddy,Zoey Dollaz,1,undirected
Key,A$AP Rocky,1,undirected
King Chip,Domo Genesis,1,undirected
Dame D.O.L.L.A,Brookfield Duece,2,undirected
Anderson .Paak,Idris Elba,1,undirected
Bloody Jay,YFN Lucci,1,undirected
Royce Da 5'9",Loren W. Oden,1,undirected
MO3,Mr. Lucci,1,undirected
Vakero,DJ Luian,1,undirected
Dave East,2 Chainz,1,undirected
Too $hort,Mistah F.A.B.,2,undirected
Mitch E-Slick,RJ,2,undirected
A$AP Rocky,Pimp C,1,undirected
Carlene Crawford,Beleaf,1,undirected
Chuck D,A$AP Ferg,1,undirected
Mista Cain,Young Dolph,1,undirected
Future,Lil Uzi Vert,1,undirected
Fat Joe,Kent Jones,1,undirected
E-40,Lil B,1,undirected
Arcangel,Farruko,2,undirected
Cardi B,Breakfast Club,1,undirected
Tokyo Jetz,T.I.,1,undirected
B Real,Apathy,1,undirected
Young Thug,21 Savage,1,undirected
D.R.A.M.,Lil Yachty,1,undirected
Royce Da 5'9",Pete Rock,1,undirected
French Montana,Wiz Khalifa,1,undirected
Kool Keith,Doom,1,undirected
Vince Staples,Jhene Aiko,1,undirected
Nas,Pimp C,1,undirected
PJ,Sa-Ra,1,undirected
JT,The Game,2,undirected
A$AP Twelvyy,A$AP Ferg,1,undirected
Mick Jenkins,Michael Anthony,1,undirected
Bones,A$AP Rocky,1,undirected
Too $hort,G-Eazy,1,undirected
Ja Rule,Ashanti,1,undirected
Gizzle,G-Eazy,1,undirected
August Alsina,DJ Khaled,1,undirected
Duke,Young Thug,3,undirected
DJ Luian,Cosculluela,1,undirected
Project Pat,Young Dolph,1,undirected
Jadakiss,Styles P,4,undirected
Ty Dolla $ign,August Alsina,1,undirected
Jeremih,Rick Ross,1,undirected
Okieriete Onaodowan,Christopher Jackson,3,undirected
Don Chief,Fred B,1,undirected
Z-Ro,Krayzie Bone,1,undirected
The-Dream,T.I.,1,undirected
Rick Ross,Future,3,undirected
King Mez,Jon Conner,2,undirected
Madeintyo,Offset,1,undirected
Joe Moses,Jay 305,4,undirected
Youngs Teflon,Sway,1,undirected
David Goldblatt,De La Soul,1,undirected
Mozzy,Rich Homie Quan,1,undirected
Mista Cain,Pymp,1,undirected
Gucci Mane,Young Thug,2,undirected
The Game,Jelly Roll,4,undirected
Dizzy Wright,Berner,1,undirected
Berner,Snoop Dogg,1,undirected
YFN Lucci,Bigga Rankin,2,undirected
Lady G,T.I.,1,undirected
Scrufizzer,Youngs Teflon,1,undirected
Ty Dolla $ign,Curren$y,1,undirected
Ed Sheeran,Macklemore & Ryan Lewis,1,undirected
The Game,Dej Loaf,2,undirected
E-40,Lil E,2,undirected
CES Cru,Tech N9ne Collabos,3,undirected
Rich Homie Quan,Homie Quan,1,undirected
Dame D.O.L.L.A,Manny Lotus,1,undirected
Onyx,A$AP Mob,1,undirected
E-40,Choose Up Cheese,1,undirected
E-40,K.D. Stunts,1,undirected
Macklemore & Ryan Lewis,Idris Elba,1,undirected
Strange Figures,Dj Tank,1,undirected
ScHoolboy Q,Wiz Khalifa,1,undirected
Lundon,Webbie,1,undirected
E-40,Kent Jones,1,undirected
A$AP Twelvyy,A$AP Mob,2,undirected
No Fatigue,J-Real,2,undirected
Beleaf,John Givez,12,undirected
Swae Lee,Travis Scott,1,undirected
Renee Elise Goldsberry,Christopher Jackson,1,undirected
Moses Sumney,Tessa Thompson,1,undirected
Grandmaster Melle Mel,Eric Nally,1,undirected
Wale,YG,1,undirected
Lin-Manuel Miranda,Leslie Odom Jr.,17,undirected
Mistah F.A.B.,Currensy Spitta,1,undirected
Mitch E-Slick,The Game,2,undirected
Nicki Minaj,Lil Uzi Vert,1,undirected
B Real,Sick Jacken,1,undirected
Rara,T.I.,2,undirected
Kendrick Lamar,James Fauntleroy,2,undirected
E-40,June Onna Beat,1,undirected
Snoop Dogg,Trick Trick,1,undirected
Don Q,Meek Mill,1,undirected
PARTYNEXTDOOR,Drake,3,undirected
A$AP Twelvyy,A$AP Rocky,1,undirected
Boondox,Twiztid,1,undirected
Ty Dolla $ign,Devin The Dude,1,undirected
Carl Thomas,Mistah F.A.B.,1,undirected
Playboi Carti,A$AP Rocky,2,undirected
Okieriete Onaodowan,Leslie Odom Jr.,9,undirected
LightShow,21 Savage,1,undirected
Selah the Corner,Bumps Inf,1,undirected
Don Trip,Starlito,1,undirected
ESG,Adoni,1,undirected
Jadakiss,Kent Jones,1,undirected
Big Smo,Michael Ray,1,undirected
Savage,Montana of 300,2,undirected
Lex Aura,June,1,undirected
Rittz,Prozak,1,undirected
MO3,Boosie Badazz,1,undirected
Genio,Pusho,1,undirected
Yo Gotti,Timbaland,1,undirected
Spit Gemz,Apathy,1,undirected
Sydney James Harcourt,Leslie Odom Jr.,1,undirected
D-Day,E-40,1,undirected
August Alsina,Lil Wayne,1,undirected
Berner,B-Legit,1,undirected
Adam Vida,Watsky,1,undirected
Hitman Beatz,RJ,1,undirected
G Mo Skee,Twiztid,1,undirected
Lil Yachty,A$AP Rocky,1,undirected
Big K.R.I.T.,Dom Kennedy,1,undirected
Skepta,D Double E,1,undirected
Arcangel,DJ Luian,18,undirected
Common,Ingrid Michaelson,1,undirected
Vanessa Hill,Sho Baraka,1,undirected
French Montana,J Balvin,1,undirected
M.I.A.,Dexta Daps,1,undirected
Yo Gotti,Pusha T,1,undirected
Marty Baller,A$AP Ferg,1,undirected
Ty Dolla $ign,E-40,1,undirected
Big K.R.I.T.,Pete Rock,1,undirected
Jeremih,DJ Khaled,1,undirected
The Lacs,J Rosevelt,1,undirected
Riz MC,Residente,1,undirected
Dizzy Wright,Easy Redd,1,undirected
Lil Wayne,Jeezy,1,undirected
Jaymes Young,Skizzy Mars,1,undirected
Colt Ford,Daniel Lee,1,undirected
The Mighty Agnot,Jamesthemormon,1,undirected
J Alvarez,DJ Luian,1,undirected
Selah the Corner,Sevin,1,undirected
Tech N9ne Collabos,Murs,1,undirected
Christon Gray,Da' T.R.U.T.H.,1,undirected
2 Chainz,Young Dolph,1,undirected
Earl Sweatshirt,Danny Brown,1,undirected
Domo Genesis,Tay Walker,1,undirected
Mozzy,E-40,1,undirected
Sho Baraka,James Portier,2,undirected
Fat Joe,Busta Rhymes,1,undirected
Tech N9ne,Mackenzie Nicole,1,undirected
D.R.A.M.,Erykah Badu,1,undirected
I4NI,J Rosevelt,1,undirected
Rittz,Krizz Kaliko,4,undirected
Slim 400,YG,2,undirected
Crystal Caines,A$AP Ferg,1,undirected
MPA Turk,Peewee Longway,1,undirected
The Game,Skrillex,1,undirected
Future,Travis Scott,1,undirected
Eshon Burgundy,Abiv,1,undirected
Detail,TWENTY88,1,undirected
Bun B,Mistah F.A.B.,1,undirected
Scheme,Jay 305,1,undirected
Angie Rose,Sevin,1,undirected
J. Cole,Omen,1,undirected
Young Dolph,Philthy Rich,1,undirected
Berner,Juicy J,1,undirected
Ty Dolla $ign,Gizzle,1,undirected
The Lacs,Racket County,14,undirected
Danny Brown,Gucci Mane,1,undirected
Meek Mill,Tony Lanez,1,undirected
Dj Swamp,Madrox,1,undirected
Diamante,Flatbush Zombies,1,undirected
Nutso,Apathy,1,undirected
Mvrcus Blvck,Lil E,2,undirected
Grandmaster Melle Mel,Grandmaster Caz,1,undirected
Gunna,Gucci Mane,1,undirected
Sydney James Harcourt,Jasmine Cephas-Jones,1,undirected
Kirko Bangz,Webbie,1,undirected
Macklemore & Ryan Lewis,KRS-One,1,undirected
The Roots,Common,1,undirected
Original Broadway Cast of Hamilton,Daveed Diggs,8,undirected
Ab-Soul,Kendrick Lamar,1,undirected
Dreezy,Jeremih,1,undirected
Juicy J,A$AP Mob,1,undirected
Sage The Gemini,Noodles,1,undirected
Yowda,Zoey Dollaz,1,undirected
Ne-Yo,Nipsey Hussle,1,undirected
Sammy Adams,Kat Nestel,1,undirected
Watsky,Danny Skyhigh McClain,1,undirected
Jay Warren,Jamesthemormon,1,undirected
Charlie Rock,Jim Jones,1,undirected
E-40,Ezale,2,undirected
Madeintyo,A$AP Mob,1,undirected
Jadakiss,Pusha T,1,undirected
2 Chainz,Travis Scott,1,undirected
E-40,ScHoolboy Q,1,undirected
La Coka Nostra,Skam2?,1,undirected
Ab-Soul,The Game,2,undirected
Emanny,Joe Budden,1,undirected
Acyde,A$AP Rocky,1,undirected
CES Cru,Wrekonize,1,undirected
JL,Boogie Man,1,undirected
The Game,Micah,3,undirected
Boosie Badazz,Webbie,4,undirected
E-40,Keyshia Cole,1,undirected
Future,Ludacris,1,undirected
Young T,White Dave,1,undirected
Future,Diddy,2